onset	duration	nwb_table	block	tone_on_time	tone_off_time	action_on_time	action_off_time	pokeC_on_time	pokeC_off_time	reward_on_time	reward_off_time	state	action	reward	result	FinishedBlock	FirstTrial	LastTrial	RewardRule_L	RewardRule_R
0.188	2679.0	trials	4.0	0.0	0.0	21.474997000000002	21.893671		20.978191000000002			2.0	1.0	0.0	3.0					
2.497	635.426	BlockDesign														1.0	1.0	28.0	50.0	0.0
2.497	4.7410000000000005	trials	1.0									2.0		0.0	2.0					
11.314	10.594999999999999	trials	1.0	19.070977	20.745303	21.474997000000002	21.893671	18.446832	20.978191000000002			2.0	1.0	0.0	3.0					
24.91	13.318000000000001	trials	1.0	34.405965	35.786817	36.49265	36.802461	33.738889	36.068494	37.238	38.228	2.0	1.0	1.0	1.0					
40.353	8.619999999999997	trials	1.0	46.044765	47.435905000000005	48.292376000000004	48.99763300000001	45.073533	47.73211500000001			2.0	1.0	0.0	3.0					
50.656	33.263	trials	1.0	80.02441	81.18302100000001	82.06863100000001	82.42801800000001	79.052964	81.584242	83.004	83.919	2.0	1.0	1.0	1.0					
85.938	7.920999999999992	trials	1.0	90.774523	92.54160300000001	93.383852	93.82298	89.808744	92.814385			2.0	2.0	0.0	3.0					
96.848	21.599999999999994	trials	1.0	113.68504200000001	115.625578	116.320147	116.628541	113.00997100000001	115.871188	117.049	118.448	2.0	1.0	1.0	1.0					
122.466	28.807000000000002	trials	1.0	147.781618	149.292282			146.839041	149.283208			2.0		0.0	2.0					
155.28	11.13900000000001	trials	1.0	162.840565	164.437024			161.873514	164.434029			2.0		0.0	2.0					
168.429	13.663999999999987	trials	1.0	178.313958	180.012054	181.70067	181.76005	177.457939	180.007906			2.0		0.0	2.0					
185.113	21.704000000000008	trials	1.0	202.60976200000002	203.81677	204.760039	205.13269300000002	201.951451	204.313353	205.518	206.817	2.0	1.0	1.0	1.0					
208.781	21.27199999999999	trials	1.0	225.140253	227.182063	227.972029	228.38852	224.152971	227.48199400000001	228.663	230.053	2.0	1.0	1.0	1.0					
233.098	24.649999999999977	trials	1.0	254.02027900000002	256.080247	256.569415	256.984308	253.502142	256.014841			2.0	1.0	1.0	1.0					
260.156	36.18299999999999	trials	1.0	293.907314	295.338055	295.907913	296.365935	293.262801	295.51027			2.0	1.0	0.0	3.0					
300.299	22.16900000000004	trials	1.0	319.032303	320.487397	321.637263	321.833086	318.04758400000003	320.475571			2.0		0.0	2.0					
324.478	18.045000000000016	trials	1.0	339.453477	341.199064	342.021591	342.550301	338.931337	341.609757			2.0	1.0	0.0	3.0					
346.363	26.829999999999984	trials	1.0	369.921229	371.20878600000003			368.92372	371.202521			2.0		0.0	2.0					
375.203	14.121000000000038	trials	1.0	386.636053	388.162368	388.861702	389.324814	385.853542	388.166391			2.0	1.0	0.0	3.0					
392.265	18.908000000000015	trials	1.0	406.91145	408.237643	409.059526	409.407391	406.194988	408.638112	409.813	411.173	2.0	1.0	1.0	1.0					
413.234	16.783999999999992	trials	1.0	427.001295	428.824426	429.433266	430.044131	426.226087	428.848645			2.0	1.0	0.0	3.0					
433.875	12.923000000000002	trials	1.0	442.886041	444.180786	444.979926	445.345366	442.053784	444.573832	445.673	446.798	2.0	1.0	1.0	1.0					
449.863	21.285000000000025	trials	1.0	467.416413	468.655797	469.483335	469.89553	466.44313	469.056332	470.129	471.148	2.0	1.0	1.0	1.0					
473.189	25.238999999999976	trials	1.0	495.64615200000003	497.280985	497.910925	498.45316	494.732184	497.457022			2.0	1.0	0.0	3.0					
500.379	24.410999999999945	trials	1.0	522.3677759999999	523.7083829999999	524.311837	524.796971	521.4513939999999	523.938507			2.0	1.0	0.0	3.0					
526.768	27.409999999999968	trials	1.0	550.601514	552.1032359999999			549.7805579999999	552.099018			2.0		0.0	2.0					
557.223	16.605000000000018	trials	1.0	570.577285	571.8439239999999	572.4586529999999	572.8379759999999	569.8169919999999	571.839121			2.0		0.0	2.0					
577.839	14.878999999999905	trials	1.0	588.942741	590.2389959999999	590.905185	591.3093009999999	588.423646	590.5308759999999	591.643	592.718	2.0	1.0	1.0	1.0					
594.819	43.10400000000004	trials	1.0	633.69868	635.2744299999999	635.9451519999999	636.312457	632.8678689999999	635.479441	636.688	637.923	2.0	1.0	1.0	1.0					
639.945	518.8629999999999	BlockDesign														1.0	29.0	53.0	0.0	50.0
639.945	24.087999999999965	trials	2.0	659.6322779999999	661.2155439999999	661.9604589999999	662.2239549999999	658.7193779999999	661.5064319999999	662.708	664.033	3.0	2.0	1.0	1.0					
666.05	25.439000000000078	trials	2.0	688.6116569999999	690.0889689999999	691.077382	691.510999	687.697381	690.601465			3.0	1.0	0.0	3.0					
695.428	19.786000000000058	trials	2.0	711.368522	712.9388739999999	714.568804	715.240595	710.657479	713.767529			3.0	2.0	0.0	3.0					
717.978	13.490000000000009	trials	2.0	727.283692	729.103762	729.6478239999999	730.0003389999999	726.5278979999999	729.0961629999999	719.238	731.468	3.0	2.0	1.0	1.0					
734.548	16.38499999999999	trials	2.0	746.8624599999999	748.0896329999999	748.8197399999999	749.0841899999999	746.040391	748.4145249999999	749.464	750.933	3.0	2.0	1.0	1.0					
755.023	17.495000000000005	trials	2.0	768.662868	770.2690839999999	771.0222759999999	772.5447489999999	767.9837399999999	770.6229249999999			3.0	2.0	0.0	3.0					
773.421	20.78699999999992	trials	2.0	790.652251	792.219701			789.9514439999999	792.2126999999999			3.0		0.0	2.0					
796.216	15.831999999999994	trials	2.0	809.2773689999999	810.863941	811.6689749999999	812.0041289999999	808.5976139999999	811.258015			3.0	2.0	0.0	3.0					
814.058	14.75	trials	2.0	824.7842919999999	826.388613	827.0311859999999	827.3433429999999	824.029873	826.6062539999999	827.723	828.808	3.0	2.0	1.0	1.0					
830.906	11.248000000000047	trials	2.0	838.3622469999999	840.170208	840.604573	840.929956	837.4589169999999	840.165263			3.0		0.0	2.0					
846.223	25.950000000000045	trials	2.0	869.034812	870.661128	871.6534019999999	872.201968	868.246045	871.110049			3.0	1.0	0.0	3.0					
875.139	28.053999999999974	trials	2.0	901.0432559999999	902.151072	902.862626	903.190221	900.380366	902.4272249999999			3.0	2.0	0.0	3.0					
907.269	11.355000000000018	trials	2.0	915.358079	916.554989	917.0123759999999	917.3070459999999	914.5757199999999	916.55125			3.0		0.0	2.0					
920.708	26.375	trials	2.0	942.548365	944.5135379999999	945.061601	945.327291	941.591326	944.65855	935.523	947.083	3.0	2.0	1.0	1.0					
950.143	15.464999999999918	trials	2.0	963.2087339999999	963.626281			962.692231	963.622138			3.0		0.0	2.0					
967.643	17.821000000000026	trials	2.0	982.6384559999999	984.055031	984.8091939999999	985.488256	982.058674	984.3774209999999			3.0	2.0	0.0	3.0					
987.283	17.206999999999994	trials	2.0	1001.413738	1003.4961629999999	1004.0176409999999	1004.5186299999999	1000.9011419999999	1003.5649169999999			3.0	1.0	0.0	3.0					
1008.453	27.684999999999945	trials	2.0	1032.1385289999998	1034.076934	1035.192114	1035.337225	1031.17843	1034.0742639999999			3.0		0.0	2.0					
1039.148	25.545000000000073	trials	2.0	1060.758555	1061.9207549999999	1062.592056	1062.9223379999999	1059.954472	1062.20527	1063.294	1064.693	3.0	2.0	1.0	1.0					
1066.768	17.210000000000036	trials	2.0	1080.03976	1081.205962	1081.940263	1082.312263	1079.435982	1081.503907	1082.568	1083.978	3.0	2.0	1.0	1.0					
1086.069	12.57400000000007	trials	2.0	1095.535649	1096.770456	1097.487564	1097.913315	1094.5546299999999	1097.0518889999998			3.0	2.0	1.0	1.0					
1101.048	12.705999999999904	trials	2.0	1109.4434489999999	1110.705096	1111.417477	1111.785792	1108.499038	1110.998946	1112.203	1113.754	3.0	2.0	1.0	1.0					
1117.846	14.367999999999938	trials	2.0	1129.1386539999999	1130.781688	1131.165162	1131.5457179999999	1128.228453	1130.693059			3.0	2.0	0.0	3.0					
1134.508	9.335000000000036	trials	2.0	1140.950523	1142.7335309999999	1143.331217	1143.872478	1140.334051	1142.8975209999999			3.0	2.0	0.0	3.0					
1145.678	13.129999999999882	trials	2.0	1156.309014	1158.15525	1158.7206429999999	1159.1978649999999	1155.530217	1158.282585			3.0	2.0	0.0	3.0					
1161.189	1397.3589999999997	BlockDesign														1.0	54.0	112.0	50.0	50.0
1161.189	19.148999999999887	trials	3.0	1176.849198	1178.266378	1178.657602	1179.153934	1176.046269	1178.25394			3.0		0.0	2.0					
1184.343	16.809999999999945	trials	3.0	1198.229175	1199.977932	1200.6915179999999	1201.180288	1197.3306069999999	1200.174417			3.0	1.0	0.0	3.0					
1204.099	22.09400000000005	trials	3.0	1222.209381	1223.89098	1224.319291	1224.695269	1221.503859	1223.900197	1225.053	1226.193	3.0	2.0	1.0	1.0					
1228.183	10.567000000000007	trials	3.0	1235.464567	1236.712765	1237.349859	1237.475598	1234.5788069999999	1236.710013			2.0		0.0	2.0					
1242.763	46.82600000000002	trials	3.0	1285.459636	1287.1389	1287.6117629999999	1287.88503	1284.611577	1287.119283	1288.323	1289.589	2.0	1.0	1.0	1.0					
1292.623	12.29600000000005	trials	3.0	1302.079827	1303.831757	1304.579337	1304.9218919999998	1301.564099	1304.1176639999999			3.0	2.0	0.0	3.0					
1307.004	11.653999999999996	trials	3.0	1314.78655	1315.941466	1316.6115419999999	1317.0090639999999	1314.217584	1316.178868	1317.254	1318.658	2.0	1.0	1.0	1.0					
1321.673	18.77500000000009	trials	3.0	1336.169977	1337.726794	1340.409579	1340.4761879999999	1335.204277	1337.721928			2.0		0.0	2.0					
1341.754	27.167000000000144	trials	3.0	1365.460419	1366.821502	1367.247873	1367.624005	1364.690179	1366.81432			3.0		0.0	2.0					
1370.928	22.424999999999955	trials	3.0	1390.17052	1391.373384			1389.3514679999998	1391.364765			2.0		0.0	2.0					
1397.379	22.534000000000106	trials	3.0	1415.935041	1417.333842	1418.1073	1418.5034799999999	1415.365053	1417.670731	1418.863	1419.913	2.0	1.0	1.0	1.0					
1422.964	16.509000000000015	trials	3.0	1435.855304	1437.4174269999999	1437.874754	1438.3766699999999	1435.327014	1437.413464			3.0		0.0	2.0					
1441.483	15.426000000000158	trials	3.0	1452.875924	1454.412249	1456.810062	1456.9357439999999	1451.9670939999999	1454.403877			2.0		0.0	2.0					
1459.476	62.22199999999998	trials	3.0	1517.880532	1518.94192	1519.521143	1519.745082	1517.0306739999999	1518.938827			3.0		0.0	2.0					
1525.033	11.7800000000002	trials	3.0	1534.3309299999999	1535.396922	1536.248182	1536.842649	1533.6601409999998	1535.8032269999999			3.0	1.0	0.0	3.0					
1539.658	16.6070000000002	trials	3.0	1553.536858	1555.091344	1555.798632	1556.292193	1552.75812	1555.325357			2.0	1.0	0.0	3.0					
1559.254	30.903999999999996	trials	3.0	1587.1312779999998	1588.21292	1589.119641	1589.517289	1586.366857	1588.652097			2.0	1.0	0.0	3.0					
1591.453	28.170000000000073	trials	3.0	1615.720768	1617.150201	1617.827076	1618.143057	1614.97888	1617.364491	1610.478	1619.623	2.0	1.0	1.0	1.0					
1622.718	11.829999999999927	trials	3.0	1630.765837	1632.499128	1632.9227019999998	1633.443889	1630.0450389999999	1632.4945			3.0		0.0	2.0					
1636.563	30.944999999999936	trials	3.0	1663.5206759999999	1664.867326	1665.619471	1665.918113	1662.653938	1665.157225	1666.413	1667.508	3.0	2.0	1.0	1.0					
1669.659	43.97399999999993	trials	3.0	1710.485784	1712.3663999999999	1713.302773	1713.639285	1709.869585	1712.798397			2.0	1.0	0.0	3.0					
1717.643	21.529999999999973	trials	3.0	1734.7664949999998	1736.21325	1736.65417	1736.948793	1733.799208	1736.222035	1737.428	1739.173	3.0	2.0	1.0	1.0					
1743.267	27.635999999999967	trials	3.0	1767.485442	1768.9231829999999	1769.390821	1769.86426	1766.906152	1768.914703			3.0		0.0	2.0					
1773.983	22.00500000000011	trials	3.0	1792.1065119999998	1793.658676	1795.567128	1796.0205429999999	1791.323085	1793.648334			2.0		0.0	2.0					
1798.708	34.17099999999982	trials	3.0	1829.556532	1830.830248	1831.1699879999999	1831.501143	1828.9878879999999	1830.818732			3.0		0.0	2.0					
1836.963	8.29099999999994	trials	3.0	1841.552101	1842.848329	1843.502338	1843.830006	1840.829671	1842.935239	1844.143	1845.254	2.0	1.0	1.0	1.0					
1847.148	21.94100000000003	trials	3.0	1865.631832	1867.073932	1867.809603	1869.1196889999999	1864.9370219999998	1867.3377309999998			3.0	2.0	0.0	3.0					
1870.258	13.670000000000073	trials	3.0	1881.281289	1882.4651649999998	1883.612517	1883.959413	1880.315778	1882.513203			3.0	1.0	0.0	3.0					
1887.004	22.764000000000124	trials	3.0	1906.328847	1907.788683			1905.480648	1907.780137			2.0		0.0	2.0					
1913.798	25.144999999999982	trials	3.0	1934.97226	1936.1818859999998	1936.974993	1937.297035	1933.995712	1936.484992	1921.928	1938.943	2.0	1.0	1.0	1.0					
1941.658	16.213000000000193	trials	3.0	1954.087681	1955.448337	1956.927214	1957.901908	1953.516316	1956.364509			2.0	1.0	0.0	3.0					
1959.369	26.653999999999996	trials	3.0	1983.578773	1984.7336699999998	1985.4453509999998	1986.055557	1982.7747219999999	1985.019753			3.0	2.0	0.0	3.0					
1987.896	12.22700000000009	trials	3.0	1995.9272349999999	1997.433979	1998.085173	1998.4542159999999	1995.141459	1997.555098	1998.708	2000.123	3.0	2.0	1.0	1.0					
2004.14	19.117999999999938	trials	3.0	2019.8290439999998	2021.38926	2022.480537	2023.291951	2019.110823	2021.950192			2.0	2.0	0.0	3.0					
2025.808	12.245000000000118	trials	3.0	2034.133144	2035.596886	2036.289382	2036.617274	2033.44516	2035.8427709999999	2036.993	2038.053	3.0	2.0	1.0	1.0					
2040.136	20.2829999999999	trials	3.0	2057.0126440000004	2058.581121	2059.516548	2060.4478900000004	2056.4207960000003	2059.0158060000003			2.0	2.0	0.0	3.0					
2061.952	25.011999999999716	trials	3.0	2082.972745	2084.523376	2085.1836900000003	2085.615216	2082.1396120000004	2084.7131000000004	2085.828	2086.964	2.0	1.0	1.0	1.0					
2090.049	19.048999999999978	trials	3.0	2105.982691	2107.939479	2108.719243	2109.10255	2105.3113540000004	2108.134599			2.0	2.0	0.0	3.0					
2113.125	9.121999999999844	trials	3.0	2119.87897	2121.0009170000003	2121.793756	2122.2640610000003	2119.01503	2121.3385030000004			3.0	2.0	0.0	3.0					
2125.173	19.140000000000327	trials	3.0	2140.8529980000003	2142.3349860000003	2142.790903	2143.4740650000003	2139.902457	2142.326926			3.0		0.0	2.0					
2147.318	12.479999999999563	trials	3.0	2156.458314	2158.0051350000003	2158.886053	2159.829943	2155.9080310000004	2158.4191370000003			2.0	1.0	0.0	3.0					
2163.26	11.72799999999961	trials	3.0	2171.0277340000002	2172.541189	2173.2372130000003	2173.647535	2170.1202270000003	2172.758961	2173.983	2174.988	2.0	1.0	1.0	1.0					
2178.074	27.014999999999873	trials	3.0	2201.888254	2203.7329320000003	2204.144709	2204.581701	2201.375085	2203.7091090000004			3.0	2.0	0.0	3.0					
2208.546	13.057000000000244	trials	3.0	2217.572959	2218.9909620000003	2219.8074100000003	2220.195184	2216.810206	2219.347333	2220.533	2221.603	2.0	1.0	1.0	1.0					
2223.64	18.44800000000032	trials	3.0	2239.468726	2240.77993	2241.5747140000003	2242.120851	2238.8838100000003	2241.122667			2.0	1.0	0.0	3.0					
2243.948	26.120000000000346	trials	3.0	2267.333729	2268.9126680000004	2269.4654560000004	2270.098857	2266.818963	2269.068514			3.0	2.0	0.0	3.0					
2272.843	22.940000000000055	trials	3.0	2291.3488	2293.065129	2293.728805	2294.050701	2290.824829	2293.328586	2294.403	2295.783	3.0	2.0	1.0	1.0					
2297.844	17.22400000000016	trials	3.0	2310.883515	2312.2873320000003	2313.161677	2313.574721	2309.986257	2312.6556370000003	2313.858	2315.068	3.0	2.0	1.0	1.0					
2317.113	21.13500000000022	trials	3.0	2333.849028	2335.316703	2336.156485	2336.5289190000003	2333.248341	2335.666978	2336.794	2338.248	2.0	1.0	1.0	1.0					
2341.264	15.594000000000051	trials	3.0	2354.0889260000004	2355.413924	2356.3968320000004	2356.891782	2353.552369	2355.851341			2.0	1.0	0.0	3.0					
2358.858	24.208999999999833	trials	3.0	2379.7140400000003	2381.68498	2382.622386	2383.0918140000003	2378.961378	2382.0327540000003			3.0	2.0	0.0	3.0					
2387.068	7.7599999999997635	trials	3.0	2392.089003	2393.3760730000004	2394.169989	2394.858646	2391.2144700000003	2393.6702010000004			3.0	1.0	0.0	3.0					
2397.533	57.085000000000036	trials	3.0	2451.0942950000003	2452.255677	2452.666509	2452.923487	2450.11927	2452.260037	2453.408	2454.618	3.0	2.0	1.0	1.0					
2457.662	18.851000000000113	trials	3.0	2473.1659360000003	2474.5353910000003	2474.9693570000004	2475.63673	2472.320482	2474.5250290000004			3.0		0.0	2.0					
2480.589	10.57400000000007	trials	3.0	2486.790507	2488.150704	2489.0404660000004	2489.450668	2485.87287	2488.4998870000004	2489.703	2491.163	2.0	1.0	1.0	1.0					
2493.253	16.585999999999785	trials	3.0	2506.408867	2507.954028	2508.766281	2509.871893	2505.752401	2508.266719			2.0	1.0	0.0	3.0					
2512.165	10.269000000000233	trials	3.0	2519.59915	2521.067626	2521.7693860000004	2522.466862	2518.986328	2521.312644			2.0	2.0	0.0	3.0					
2525.093	13.510000000000218	trials	3.0	2534.2642290000003	2535.4988620000004	2536.802529	2537.152074	2533.506577	2536.0441170000004	2537.513	2538.603	2.0	1.0	1.0	1.0					
2540.688	17.859999999999673	trials	3.0	2556.4297540000002	2557.600831	2558.432917	2559.277951	2555.435512	2557.9905120000003			3.0	2.0	0.0	3.0					
2562.754	132.96000000000004	BlockDesign														1.0	113.0	118.0	0.0	0.0
2562.754	15.72400000000016	trials	4.0	2572.0848220000003	2573.5502800000004	2574.2353630000002	2574.5968380000004	2571.391011	2573.758969			2.0	1.0	0.0	3.0					
2578.693	16.810999999999694	trials	4.0	2590.469797	2591.8863840000004	2592.61596	2592.9676990000003	2589.7745320000004	2592.152539			2.0	1.0	0.0	3.0					
2595.953	16.65000000000009	trials	4.0	2608.7840060000003	2610.646341	2611.542547	2611.900506	2608.10143	2610.7252510000003			2.0	1.0	0.0	3.0					
2616.874	40.9340000000002	trials	4.0	2654.319739	2655.741597	2656.423327	2656.4486110000003	2653.425442	2655.7366030000003			2.0		0.0	2.0					
2683.198	12.516000000000076	trials	4.0	2693.315341	2694.9154630000003	2695.6250560000003	2696.14017	2692.6081480000003	2695.154371			2.0	1.0	0.0	3.0					
2699.218	95.01200000000017	BlockDesign														1.0	119.0	123.0	0.0	0.0
2699.218	18.340000000000146	trials	5.0	2714.449666	2715.977769	2716.904484	2717.5900960000004	2713.757079	2716.2636650000004			3.0	2.0	0.0	3.0					
2722.281	14.222999999999956	trials	5.0	2733.265213	2735.325247	2736.0274160000004	2736.5350820000003	2732.630731	2735.5689730000004			3.0	2.0	0.0	3.0					
2739.419	16.315000000000055	trials	5.0	2753.2155150000003	2754.843045	2755.3423540000003	2755.7228280000004	2752.4106300000003	2754.905944			3.0	2.0	0.0	3.0					
2759.752	23.121000000000095	trials	5.0	2780.055541	2781.5576250000004	2782.058617	2782.9078750000003	2779.402842	2781.6069110000003			3.0	2.0	0.0	3.0					
2786.473	7.757000000000062	trials	5.0	2791.960516	2793.219063	2794.108857	2794.6039210000004	2791.406817	2793.559585			3.0	1.0	0.0	3.0					
2798.518	1394.5749999999998	BlockDesign														1.0	124.0	190.0	50.0	50.0
2798.518	28.3420000000001	trials	6.0	2823.626838	2825.6020270000004	2826.379555	2826.8962220000003	2822.940034	2825.902558			2.0	1.0	0.0	3.0					
2828.812	40.32600000000002	trials	6.0	2866.660279	2868.08844	2868.7466040000004	2869.174636	2866.0654	2868.2826990000003			2.0	1.0	0.0	3.0					
2872.138	13.220000000000255	trials	6.0	2882.525872	2883.3844480000002	2883.813285	2884.118124	2881.6014880000002	2883.371736			3.0		0.0	2.0					
2888.375	10.472999999999956	trials	6.0	2895.6952020000003	2897.5440860000003	2898.3086070000004	2898.8850540000003	2894.7289990000004	2897.828832			3.0	2.0	0.0	3.0					
2901.698	15.190000000000055	trials	6.0	2913.571989	2914.812672	2915.4548290000002	2915.5953130000003	2912.5861840000002	2914.8074770000003			2.0		0.0	2.0					
2918.958	17.565000000000055	trials	6.0	2932.8106930000004	2934.5483820000004	2935.056202	2935.392891	2932.025016	2934.5422660000004			3.0		0.0	2.0					
2940.533	53.42500000000018	trials	6.0	2972.9613320000003	2974.32124	2992.904461	2993.994508	2972.294398	2974.885252			3.0	1.0	0.0	3.0					
2995.238	4.720000000000255	trials	6.0	2997.7310650000004	2997.9828650000004			2996.7528890000003	2997.966507			2.0		0.0	2.0					
3002.038	16.960000000000036	trials	6.0	3015.2162190000004	3016.7349390000004	3017.3733460000003	3017.617771	3014.453962	3016.947615	3017.978	3018.998	3.0	2.0	1.0	1.0					
3023.128	9.105000000000018	trials	6.0	3028.2713590000003	3030.2597650000002			3027.749464	3030.2479970000004			3.0		0.0	2.0					
3036.253	23.34999999999991	trials	6.0	3055.285999	3056.6518960000003	3057.516903	3057.845703	3054.6720600000003	3057.0163500000003	3058.379	3059.603	2.0	1.0	1.0	1.0					
3062.648	14.409999999999854	trials	6.0	3072.793024	3074.184332	3075.117731	3075.465326	3072.116657	3074.599952	3075.888	3077.058	2.0	1.0	1.0	1.0					
3080.125	17.103000000000065	trials	6.0	3094.182591	3096.0015319999998	3096.821447	3097.330121	3093.561599	3096.2361379999998			2.0	1.0	0.0	3.0					
3099.143	18.855000000000018	trials	6.0	3114.833353	3116.233727	3117.005312	3117.344974	3114.244106	3116.487311			2.0	1.0	0.0	3.0					
3120.308	18.454999999999927	trials	6.0	3134.932741	3136.170773	3136.78551	3137.1520219999998	3134.235194	3136.3054389999998	3130.278	3138.763	3.0	2.0	1.0	1.0					
3140.848	21.86999999999989	trials	6.0	3159.093362	3160.666077	3161.205482	3161.369204	3158.536546	3160.656646			3.0		0.0	2.0					
3166.725	16.778999999999996	trials	6.0	3179.363723	3181.014334	3181.802534	3182.070895	3178.578191	3181.2625669999998	3175.903	3183.504	2.0	1.0	1.0	1.0					
3187.548	32.40000000000009	trials	6.0	3217.239318	3218.616653	3219.444016	3220.050683	3216.375862	3218.867765			2.0	1.0	0.0	3.0					
3222.758	11.820000000000164	trials	6.0	3231.228027	3232.5812029999997	3233.053724	3233.648359	3230.282249	3232.570988			3.0		0.0	2.0					
3236.589	14.878999999999905	trials	6.0	3247.768418	3249.490948	3249.9536359999997	3250.345411	3246.8764969999997	3249.48577			3.0		0.0	2.0					
3253.533	10.391000000000076	trials	6.0	3261.3999909999998	3262.944172	3263.637466	3264.020744	3260.733497	3263.138408			3.0	1.0	0.0	3.0					
3266.97	20.28800000000001	trials	6.0	3284.544329	3286.232176	3286.9901179999997	3287.3336	3283.889197	3286.4513269999998			2.0	1.0	0.0	3.0					
3289.314	24.184000000000196	trials	6.0	3310.348598	3312.215545	3313.179923	3313.599973	3309.571472	3312.669263			3.0	1.0	0.0	3.0					
3316.488	27.28500000000031	trials	6.0	3339.258764	3341.170914	3342.059416	3342.337219	3338.348171	3341.523586	3342.629	3343.773	2.0	1.0	1.0	1.0					
3346.852	18.84100000000035	trials	6.0	3362.334001	3363.7913639999997	3364.51248	3365.462927	3361.741359	3363.779066			3.0		0.0	2.0					
3367.698	9.704999999999927	trials	6.0	3374.9388559999998	3376.230994	3377.015957	3377.5061689999998	3374.288894	3376.4683019999998			2.0	1.0	0.0	3.0					
3379.268	32.9699999999998	trials	6.0	3409.4341329999997	3410.967197	3411.681447	3412.342525	3408.788537	3411.285489			3.0	2.0	0.0	3.0					
3414.018	16.190000000000055	trials	6.0	3427.509102	3429.286775	3429.839887	3430.302531	3426.941447	3429.350147			2.0	1.0	0.0	3.0					
3434.208	22.73999999999978	trials	6.0	3452.989792	3454.822565	3455.661224	3456.134735	3452.202511	3455.2297			3.0	2.0	0.0	3.0					
3458.973	14.595000000000255	trials	6.0	3466.071237	3468.106222	3468.846003	3469.132468	3465.344803	3468.309081	3469.433	3473.568	2.0	1.0	1.0	1.0					
3473.708	22.875	trials	6.0	3492.994964	3494.355931	3495.725593	3496.687868	3492.48709	3495.071868			2.0	2.0	0.0	3.0					
3500.049	15.929000000000087	trials	6.0	3512.2802229999998	3513.466337	3514.213739	3514.546222	3511.315589	3513.802505	3514.968	3515.978	3.0	2.0	1.0	1.0					
3520.032	15.261999999999716	trials	6.0	3531.091547	3532.366226	3533.219798	3533.503436	3530.308708	3532.7670239999998	3533.843	3535.294	3.0	2.0	1.0	1.0					
3538.343	13.610000000000127	trials	6.0	3547.946221	3549.076726	3550.131359	3550.485307	3547.118633	3549.6232609999997	3550.698	3551.953	3.0	2.0	1.0	1.0					
3553.973	13.105000000000018	trials	6.0	3563.7693249999998	3565.1722879999998			3563.015116	3565.1639379999997			2.0		0.0	2.0					
3569.148	20.84999999999991	trials	6.0	3586.335164	3587.496749	3588.350055	3588.630712	3585.350542	3587.839932	3589.053	3589.998	2.0	1.0	1.0	1.0					
3594.018	13.934999999999945	trials	6.0	3605.179983	3606.581147	3607.3379059999997	3608.0561159999997	3604.399596	3606.8523139999998			3.0	2.0	0.0	3.0					
3610.658	14.840000000000146	trials	6.0	3622.365279	3624.327571	3625.082496	3625.600388	3621.624914	3624.526231			2.0	1.0	0.0	3.0					
3627.454	18.46499999999969	trials	6.0	3642.715448	3644.276513	3645.087989	3646.019524	3642.190307	3644.673002			2.0	2.0	0.0	3.0					
3648.485	9.873999999999796	trials	6.0	3655.300523	3657.138256	3657.96877	3658.46591	3654.62173	3657.50753			3.0	2.0	0.0	3.0					
3660.223	19.186999999999898	trials	6.0	3677.205587	3678.3115669999997	3679.015552	3679.5106699999997	3676.548425	3678.5232029999997			3.0	1.0	0.0	3.0					
3681.348	17.646000000000186	trials	6.0	3696.5905	3697.927103	3698.39375	3699.100132	3695.635901	3697.94414			3.0	2.0	0.0	3.0					
3700.723	24.220000000000255	trials	6.0	3722.241909	3723.782722	3724.524414	3725.047328	3721.6569250000002	3724.012924			2.0	1.0	0.0	3.0					
3728.918	12.804999999999836	trials	6.0	3737.225074	3739.099025	3739.728358	3740.1333489999997	3736.517762	3739.139479	3730.008	3741.723	2.0	1.0	1.0	1.0					
3745.599	18.018999999999778	trials	6.0	3759.205884	3760.303168	3761.932868	3762.2726439999997	3758.676269	3761.356676	3762.513	3763.618	2.0	1.0	1.0	1.0					
3766.783	15.760999999999967	trials	6.0	3778.80046	3780.643597	3781.241416	3781.708983	3778.106181	3780.635761			3.0		0.0	2.0					
3785.558	14.605000000000018	trials	6.0	3796.350677	3798.332065	3799.237941	3800.268979	3795.774458	3798.762893			3.0	2.0	0.0	3.0					
3802.554	13.50500000000011	trials	6.0	3813.852421	3814.996979	3815.660566	3816.164146	3813.173328	3815.18968			2.0	1.0	0.0	3.0					
3819.919	14.028999999999996	trials	6.0	3830.951022	3832.746524	3833.591677	3834.053	3830.290349	3833.159322			3.0	2.0	0.0	3.0					
3836.916	13.936999999999898	trials	6.0	3847.891015	3849.602291	3850.46339	3850.960405	3847.269718	3849.979535			3.0	1.0	0.0	3.0					
3852.778	17.610000000000127	trials	6.0	3867.765964	3869.14291	3869.995852	3870.49133	3867.255782	3869.453822			2.0	1.0	0.0	3.0					
3872.344	20.324999999999818	trials	6.0	3888.791973	3890.187536	3891.174527	3891.442657	3888.111245	3890.676644	3873.714	3892.669	3.0	2.0	1.0	1.0					
3896.754	20.653999999999996	trials	6.0	3914.226208	3915.3646209999997	3917.089167	3917.468273	3913.704874	3916.504804			3.0	1.0	0.0	3.0					
3920.484	15.284000000000106	trials	6.0	3931.681409	3933.006373	3933.954725	3934.4222879999998	3931.058314	3933.4613959999997	3934.658	3935.768	2.0	1.0	1.0	1.0					
3938.785	18.26800000000003	trials	6.0	3954.362756	3955.685608	3956.6291229999997	3957.1591639999997	3953.743022	3956.0897489999998			2.0	1.0	0.0	3.0					
3958.983	22.960000000000036	trials	6.0	3977.867416	3979.119007	3980.248673	3980.662121	3976.969121	3979.431265	3961.203	3981.943	2.0	1.0	1.0	1.0					
3984.018	27.529999999999745	trials	6.0	4007.367794	4009.358081	4009.9907359999997	4010.276692	4006.67213	4009.492707	4010.623	4011.548	3.0	2.0	1.0	1.0					
4014.598	45.05000000000018	trials	6.0	4055.618663	4057.1786469999997	4057.958509	4058.275699	4054.878313	4057.510219	4058.553	4059.648	3.0	2.0	1.0	1.0					
4063.733	10.009999999999764	trials	6.0	4066.646828	4067.783093	4069.540951	4070.183447	4065.744758	4068.334864			2.0	1.0	0.0	3.0					
4073.903	9.726000000000113	trials	6.0	4079.771681	4081.648526	4082.1527379999998	4082.694338	4079.079824	4081.644604			3.0		0.0	2.0					
4085.705	8.853000000000065	trials	6.0	4090.717087	4091.8160989999997	4092.87923	4093.266848	4090.173037	4092.37661	4093.433	4094.558	2.0	1.0	1.0	1.0					
4097.578	8.1899999999996	trials	6.0	4101.948968	4103.7174350000005	4104.811046	4105.873952	4101.35992	4104.301586			2.0	2.0	0.0	3.0					
4107.044	10.743999999999687	trials	6.0	4114.503704	4115.643508	4116.845214	4117.8940299999995	4113.650173	4116.249754			3.0	2.0	0.0	3.0					
4120.138	13.319999999999709	trials	6.0	4130.153478	4131.749089	4133.097686	4133.563202	4129.61119	4132.30331			2.0	1.0	0.0	3.0					
4136.344	26.16899999999987	trials	6.0	4159.88723	4161.147479	4161.92576	4162.617681	4159.293727	4161.457136			3.0	2.0	0.0	3.0					
4164.265	17.148999999999432	trials	6.0	4177.738969	4178.759183	4179.695014	4180.126891	4176.879434	4179.176943	4180.283	4181.414	2.0	1.0	1.0	1.0					
4184.499	8.594000000000051	trials	6.0	4189.123621	4190.544329	4191.427102	4191.794339	4188.369258	4190.936197	4192.193	4193.093	3.0	2.0	1.0	1.0					
4197.208	810.3150000000005	BlockDesign														1.0	191.0	235.0	50.0	10.0
4197.208	5.680000000000291	trials	7.0	4199.318654	4200.8191	4202.384261	4202.993898	4198.612312	4201.81241			1.0	1.0	0.0	3.0					
4204.779	4.368999999999687	trials	7.0	4207.102568	4207.169483			4206.337454	4207.163407			1.0		0.0	2.0					
4213.158	34.10999999999967	trials	7.0	4243.017301	4244.339352999999	4245.461263	4245.769732	4242.029629	4244.928986	4246.068	4247.268	1.0	2.0	1.0	1.0					
4249.353	7.934999999999491	trials	7.0	4253.422985	4255.174472	4256.077106	4257.3921040000005	4252.9162	4255.610567			1.0	2.0	0.0	3.0					
4258.423	11.056000000000495	trials	7.0	4265.727445	4266.991051	4268.580907	4269.584081	4265.058233	4268.069303			1.0	2.0	0.0	3.0					
4271.964	13.944000000000415	trials	7.0	4282.017858	4283.36186	4284.902752	4285.282792	4281.177289	4284.307271			1.0	1.0	0.0	3.0					
4289.283	22.079999999999927	trials	7.0	4307.508598	4309.100405	4310.710664	4311.468166	4306.979741	4310.20183			1.0	2.0	0.0	3.0					
4315.089	10.743999999999687	trials	7.0	4322.123297	4323.15622	4324.807936	4325.93753	4321.451449	4324.300607			1.0	2.0	0.0	3.0					
4328.129	22.798999999999978	trials	7.0	4346.40455	4348.161199	4349.123155	4349.557084	4345.611857	4348.597175	4349.708	4350.928	1.0	1.0	1.0	1.0					
4352.948	12.089999999999236	trials	7.0	4360.813046	4361.994584	4363.260275	4363.673741	4359.887677	4362.695673	4363.888	4365.038	1.0	1.0	1.0	1.0					
4367.093	10.295000000000073	trials	7.0	4373.6481380000005	4375.239554	4376.381929	4377.495291	4373.030629	4375.768727			1.0	1.0	0.0	3.0					
4380.708	11.600000000000364	trials	7.0	4388.193188	4390.140253	4391.304697	4392.414977	4387.549052	4390.692118			1.0	2.0	0.0	3.0					
4394.563	13.210000000000036	trials	7.0	4404.538726	4406.560585	4407.37184	4407.879133	4403.776787	4406.799971			1.0	1.0	0.0	3.0					
4411.628	20.300000000000182	trials	7.0	4428.828928	4430.331382	4431.510391	4432.03749	4428.040346	4430.8627400000005			1.0	1.0	0.0	3.0					
4433.815	25.51800000000003	trials	7.0	4456.71493	4457.825588	4458.748966	4459.439197	4455.952682	4458.199874			1.0	2.0	0.0	3.0					
4463.054	14.465000000000146	trials	7.0	4473.1702829999995	4475.009542	4475.666183	4476.113684	4472.188453	4475.194481	4476.343	4477.519	1.0	1.0	1.0	1.0					
4481.534	10.635000000000218	trials	7.0	4486.979662	4488.532333	4490.173328	4492.279168	4486.045483	4489.617591			1.0	1.0	0.0	3.0					
4494.533	23.135999999999513	trials	7.0	4514.200615	4515.315574	4516.832348	4517.778002	4513.6366689999995	4516.285001			1.0	2.0	0.0	3.0					
4520.133	55.095000000000255	trials	7.0	4570.95067	4572.383071	4573.482704	4573.923923	4570.031366	4572.916013	4574.183	4575.228	1.0	1.0	1.0	1.0					
4578.275	8.028000000000247	trials	7.0	4582.429027	4583.997472999999	4585.308641	4585.781737	4581.877994	4584.659404			1.0	1.0	0.0	3.0					
4587.598	19.170000000000073	trials	7.0	4602.21584	4603.807202	4604.785528	4605.134255	4601.22748	4604.066092	4605.373	4606.768	1.0	1.0	1.0	1.0					
4609.843	8.826000000000022	trials	7.0	4614.774314	4616.327728	4617.702266	4618.776766999999	4614.202504	4617.078895			1.0	2.0	0.0	3.0					
4619.948	11.474999999999454	trials	7.0	4628.540029	4629.768923	4631.044885	4631.514133	4627.849543	4630.437691			1.0	1.0	0.0	3.0					
4635.349	17.023999999999432	trials	7.0	4649.249884	4650.378602	4651.44008	4652.480444	4648.669204	4650.918545			1.0	2.0	0.0	3.0					
4653.738	46.664999999999964	trials	7.0	4696.679552	4697.946248	4699.39582	4700.510636	4696.052075	4698.520033			1.0	2.0	0.0	3.0					
4702.748	14.575000000000728	trials	7.0	4714.389607	4715.9317599999995	4716.896963	4717.430216	4713.6470229999995	4716.370312999999			1.0	1.0	0.0	3.0					
4719.273	21.8720000000003	trials	7.0	4735.580144	4737.112226	4738.217645	4738.619176	4734.678868999999	4737.628481	4732.036	4741.145	1.0	1.0	1.0	1.0					
4743.058	11.850000000000364	trials	7.0	4752.099703	4753.56107	4754.411723	4755.018803	4751.200124	4753.862105			1.0	1.0	0.0	3.0					
4758.787	28.27599999999984	trials	7.0	4783.785559	4785.012095	4786.105877	4787.1735659999995	4783.2539560000005	4785.613574			1.0	2.0	0.0	3.0					
4788.363	24.63000000000011	trials	7.0	4810.1898249999995	4811.51714	4812.48129	4813.100219	4809.272717	4811.927927			1.0	1.0	0.0	3.0					
4814.778	21.135999999999513	trials	7.0	4831.35035	4832.83058	4833.900563	4834.1737570000005	4830.379151	4833.3191	4834.413	4835.914	1.0	1.0	1.0	1.0					
4838.019	12.063999999999396	trials	7.0	4845.466072	4847.297304	4848.255751	4848.636619	4844.560373	4847.7068	4848.983	4850.083	1.0	1.0	1.0	1.0					
4854.118	7.862999999999374	trials	7.0	4857.720539	4859.219785	4860.38528	4862.087747	4856.798791	4859.803667			1.0	2.0	0.0	3.0					
4863.745	11.594000000000051	trials	7.0	4870.4352739999995	4872.4928629999995	4873.342886	4873.790362	4869.646568	4872.734485	4873.903	4875.339	1.0	1.0	1.0	1.0					
4878.458	8.6200000000008	trials	7.0	4882.791334	4884.063233	4886.071825999999	4887.188239	4882.082258	4885.156423			1.0	2.0	0.0	3.0					
4889.348	10.555000000000291	trials	7.0	4895.0258269999995	4896.76921	4897.807685	4898.223247	4894.183387	4897.201271	4898.448	4899.903	1.0	1.0	1.0	1.0					
4903.943	9.8149999999996	trials	7.0	4909.235224	4911.0576249999995	4911.97234	4912.426475	4908.244117	4911.355649	4912.738	4913.758	1.0	1.0	1.0	1.0					
4916.911	8.596999999999753	trials	7.0	4921.175881	4922.881408	4923.762667999999	4924.235093	4920.4152859999995	4923.173216	4924.433	4925.508	1.0	1.0	1.0	1.0					
4928.546	10.417999999999665	trials	7.0	4934.591515	4936.270729	4937.105311	4937.534986	4933.6048869999995	4936.499608	4937.688	4938.964	1.0	1.0	1.0	1.0					
4941.988	9.094999999999345	trials	7.0	4946.331027	4948.347721	4949.262863	4949.608031	4945.595947	4948.611248	4949.923	4951.083	1.0	1.0	1.0	1.0					
4955.168	7.039999999999964	trials	7.0	4958.327875999999	4959.4727889999995	4960.420255	4960.891273	4957.7422480000005	4959.868	4961.036	4962.208	1.0	1.0	1.0	1.0					
4965.133	8.375	trials	7.0	4969.315715	4970.869483	4971.648833	4971.985573	4968.545518	4971.07984	4972.379	4973.508	1.0	1.0	1.0	1.0					
4975.528	8.740999999999985	trials	7.0	4981.541189	4982.893942	4983.8951	4984.338655	4980.757264	4983.395971			1.0	2.0	0.0	3.0					
4988.208	6.220000000000255	trials	7.0	4990.01102	4991.732948	4992.551942	4993.0060539999995	4988.740903	4991.999344	4993.089	4994.428	1.0	1.0	1.0	1.0					
4997.484	10.03899999999976	trials	7.0	5005.235653	5006.537273	5007.5180199999995	5008.0582269999995	5004.5359069999995	5006.92148			1.0	1.0	0.0	3.0					
5011.798	590.5749999999998	BlockDesign														1.0	236.0	266.0	50.0	90.0
5011.798	15.110000000000582	trials	8.0	5023.541876	5024.937476	5025.988261	5026.537127	5022.777515	5025.460652			1.0	1.0	0.0	3.0					
5028.32	14.488000000000284	trials	8.0	5039.860988	5041.583275	5042.505074	5042.898605	5039.153746	5041.9056949999995			1.0	1.0	0.0	3.0					
5044.879	31.21900000000005	trials	8.0	5071.6271990000005	5072.866309	5074.265447	5074.620596	5071.085405	5073.257882	5074.818	5076.098	1.0	2.0	1.0	1.0					
5080.178	7.664999999999964	trials	8.0	5083.122835	5085.117595	5086.039412	5086.432624	5082.171532	5085.495233	5086.658	5087.843	1.0	2.0	1.0	1.0					
5090.933	7.015999999999622	trials	8.0	5094.587305999999	5095.984522	5096.470045	5096.824349	5093.671285	5095.976173			1.0		0.0	2.0					
5100.953	42.125	trials	8.0	5140.551695	5141.698259	5142.410317	5143.190495	5139.823729	5141.765530000001			1.0	1.0	0.0	3.0					
5145.734	40.18499999999949	trials	8.0	5183.351841	5184.8284220000005	5185.522613	5186.026865	5182.583408	5184.954865			1.0	1.0	0.0	3.0					
5189.853	12.114999999999782	trials	8.0	5195.271995	5196.519451	5200.007326	5200.376446	5194.6536080000005	5199.349378999999	5200.563	5201.968	1.0	1.0	1.0	1.0					
5205.988	59.055999999999585	trials	8.0	5260.691866	5262.488357	5263.286957	5263.742314	5260.121204	5262.71558	5263.888	5265.044	1.0	1.0	1.0	1.0					
5268.993	45.23499999999967	trials	8.0	5310.11921	5311.660902	5312.579621	5312.847793	5309.36368	5312.005837000001	5313.178	5314.228	1.0	2.0	1.0	1.0					
5316.283	10.485999999999876	trials	8.0	5321.502697	5323.951473	5324.96223	5325.382391	5320.928782999999	5324.376582999999	5325.518	5326.769	1.0	1.0	1.0	1.0					
5329.818	6.954999999999927	trials	8.0	5332.918232	5334.764359	5335.773615	5336.344895	5332.260584	5335.217165			1.0	1.0	0.0	3.0					
5338.068	18.234999999999673	trials	8.0	5351.637615	5352.916676	5354.4397850000005	5354.746636	5351.092078	5353.617113	5355.083	5356.303	1.0	2.0	1.0	1.0					
5360.238	5.640999999999622	trials	8.0	5362.378544	5363.90458	5364.478745	5364.968134	5361.202384	5363.899536999999			1.0		0.0	2.0					
5368.958	14.201000000000022	trials	8.0	5380.4733	5381.739194	5382.747662	5383.267858	5379.495206	5382.121454			1.0	1.0	0.0	3.0					
5387.098	21.195999999999913	trials	8.0	5405.20931	5406.554248	5407.837899	5408.403572	5404.6990160000005	5406.945188			1.0	1.0	0.0	3.0					
5410.093	25.465000000000146	trials	8.0	5431.813169	5433.661624	5434.337618	5435.061622	5430.867813999999	5433.655115			1.0		0.0	2.0					
5438.568	14.319999999999709	trials	8.0	5448.463199	5449.7368910000005	5451.256907	5451.630346	5447.9433690000005	5450.722886	5451.879	5452.888	1.0	2.0	1.0	1.0					
5454.908	9.430999999999585	trials	8.0	5459.588243	5461.329492999999	5462.546521	5462.976911	5458.638358	5461.752062	5463.268	5464.339	1.0	2.0	1.0	1.0					
5468.358	7.399999999999636	trials	8.0	5470.963688	5472.496489	5473.8955430000005	5474.262654	5470.21937	5473.153480999999	5474.558	5475.758	1.0	2.0	1.0	1.0					
5477.828	12.306999999999789	trials	8.0	5486.168921	5487.414423	5488.400582	5488.754795	5485.318279	5487.915731	5489.038	5490.135	1.0	2.0	1.0	1.0					
5492.053	9.49499999999989	trials	8.0	5497.013409	5498.9307100000005	5499.770192	5500.099918	5496.064321	5499.292965000001	5500.533	5501.548	1.0	2.0	1.0	1.0					
5503.583	9.770000000000437	trials	8.0	5509.5135470000005	5510.665432	5511.679925	5512.020907	5508.782376	5511.228068	5512.328	5513.353	1.0	2.0	1.0	1.0					
5516.373	9.81500000000051	trials	8.0	5521.794191	5523.360047	5524.2461	5524.553317	5520.92152	5523.789617	5524.968	5526.188	1.0	2.0	1.0	1.0					
5529.208	6.9350000000004	trials	8.0	5531.973327	5533.660154	5534.518999	5534.785497999999	5531.363522	5534.092546	5535.044	5536.143	1.0	2.0	1.0	1.0					
5538.228	7.7849999999998545	trials	8.0	5542.719309	5544.015123	5544.980966	5546.128003	5542.212351	5544.537805			1.0	2.0	0.0	3.0					
5549.279	9.668999999999869	trials	8.0	5554.823084	5555.99677	5557.4455290000005	5557.696349	5554.227133	5556.902461	5558.093	5558.948	1.0	2.0	1.0	1.0					
5562.03	8.009000000000015	trials	8.0	5565.803542	5567.206556	5568.079516	5568.3894789999995	5564.957256	5567.623516	5568.624	5570.039	1.0	2.0	1.0	1.0					
5574.058	5.630000000000109	trials	8.0	5575.910399	5577.415843	5577.981143	5578.38896	5575.219373	5577.460876	5578.728	5579.688	1.0	2.0	1.0	1.0					
5582.766	8.707000000000335	trials	8.0	5587.364197	5588.545679999999	5589.499594999999	5589.951328	5586.459052	5589.0560239999995	5590.113	5591.473	1.0	2.0	1.0	1.0					
5594.553	7.819999999999709	trials	8.0	5597.823350000001	5599.696051	5600.617936000001	5600.894501	5597.119876	5600.119361	5601.248	5602.373	1.0	2.0	1.0	1.0					
5606.475	137.65799999999945	BlockDesign														1.0	267.0	271.0	0.0	0.0
5606.475	6.211999999999534	trials	9.0	5609.233638	5611.199954	5612.336999	5612.777475999999	5608.435298	5611.628814			1.0	1.0	0.0	3.0					
5615.723	8.445999999999913	trials	9.0	5619.83937	5621.037060000001	5621.931154	5624.278553	5618.843101	5621.422087999999			1.0	2.0	0.0	3.0					
5625.283	10.989999999999782	trials	9.0	5631.933723	5633.541316	5635.005836	5636.384623	5631.331946	5634.3835309999995			1.0	2.0	0.0	3.0					
5639.394	61.92900000000009	trials	9.0	5698.648873	5700.175814	5700.957224	5701.437232	5697.655814	5700.35317			1.0	1.0	0.0	3.0					
5704.254	39.878999999999905	trials	9.0	5741.66969	5743.1362	5744.087633	5745.849778	5740.870059999999	5743.509769			1.0	1.0	0.0	3.0					
5748.394	1439.5639999999994	BlockDesign														1.0	272.0	329.0	10.0	50.0
5748.394	12.804000000000087	trials	10.0	5757.674668	5759.497569	5760.470608	5761.30912	5757.020848	5759.901116			1.0	2.0	0.0	3.0					
5763.768	25.050000000000182	trials	10.0	5785.199547	5786.779751	5787.742865	5788.07725	5784.218968	5787.203278999999			1.0	2.0	1.0	1.0					
5791.208	18.3100000000004	trials	10.0	5806.706244999999	5807.835593	5808.926573	5809.633861	5806.147276	5808.361978			1.0	2.0	0.0	3.0					
5812.193	10.595999999999549	trials	10.0	5819.1937849999995	5821.071683	5822.412662	5822.904568	5818.472533	5821.810588			1.0	1.0	0.0	3.0					
5825.718	17.789999999999964	trials	10.0	5839.714921	5841.632941	5842.6652300000005	5843.620859000001	5839.005483999999	5842.1530299999995			1.0	2.0	0.0	3.0					
5847.0	14.45300000000043	trials	10.0	5858.49625	5859.922096	5861.073501999999	5861.567894	5857.758537	5860.277340000001			1.0	1.0	0.0	3.0					
5863.308	15.24499999999989	trials	10.0	5874.5453130000005	5876.056673	5876.9166399999995	5877.199181	5873.6420180000005	5876.381971	5877.443	5878.553	1.0	2.0	1.0	1.0					
5880.568	22.52099999999973	trials	10.0	5899.581311	5901.542237	5902.441997	5903.205383	5898.816514	5901.940988			1.0	2.0	0.0	3.0					
5906.708	10.321000000000822	trials	10.0	5912.901238	5914.2552909999995	5915.287843	5915.784646	5912.126903	5914.750096	5916.053	5917.029	1.0	2.0	1.0	1.0					
5919.044	21.824000000000524	trials	10.0	5936.262119	5938.227004	5939.210585	5939.4856500000005	5935.447468	5938.653405999999	5939.728	5940.868	1.0	2.0	1.0	1.0					
5943.885	21.88799999999992	trials	10.0	5962.489981000001	5963.7717219999995	5964.898163	5965.887742999999	5961.727984	5964.317224			1.0	2.0	0.0	3.0					
5967.148	10.170000000000073	trials	10.0	5974.25566	5975.507379000001	5976.932798	5977.4341509999995	5973.333465	5976.305512			1.0	1.0	0.0	3.0					
5981.173	16.390000000000327	trials	10.0	5994.515595999999	5995.703670999999	5996.592914999999	5997.676805	5993.7817159999995	5996.074487			1.0	2.0	0.0	3.0					
6000.843	13.076000000000022	trials	10.0	6010.6217799999995	6012.067007	6013.5353319999995	6014.034362	6009.792835	6012.8780449999995			1.0	1.0	0.0	3.0					
6016.833	18.1850000000004	trials	10.0	6030.055864	6031.480387	6033.209365000001	6033.579253	6029.237714	6032.657201	6033.909	6035.018	1.0	1.0	1.0	1.0					
6037.893	21.49499999999989	trials	10.0	6055.086032	6056.320739	6057.399907999999	6057.773368	6054.176717	6056.84234	6058.163	6059.388	1.0	2.0	1.0	1.0					
6061.519	15.03399999999965	trials	10.0	6072.645748999999	6073.920308	6074.768003	6075.137047	6071.868458	6074.220497	6075.368	6076.553	1.0	2.0	1.0	1.0					
6080.64	23.242999999999483	trials	10.0	6100.372085	6102.286891	6103.327496	6103.998003000001	6099.830411	6102.718855			1.0	2.0	0.0	3.0					
6107.629	13.22400000000016	trials	10.0	6116.9572069999995	6118.186496	6119.765291	6120.202364	6116.251722999999	6118.843478			1.0	2.0	1.0	1.0					
6125.343	29.954999999999927	trials	10.0	6152.15744	6153.600086	6154.599055000001	6155.384556	6151.546413	6154.034676			1.0	2.0	0.0	3.0					
6157.95	23.75300000000061	trials	10.0	6179.023297000001	6180.254055	6181.269793	6181.789942	6178.104424	6180.724309			1.0	1.0	0.0	3.0					
6183.564	19.493999999999687	trials	10.0	6198.657844	6200.405446000001	6201.252600000001	6201.523567	6197.767528	6200.757408	6201.964	6203.058	1.0	2.0	1.0	1.0					
6207.075	10.748000000000502	trials	10.0	6214.719517	6216.075882	6216.849312	6217.910107000001	6213.868915	6216.367519			1.0	2.0	0.0	3.0					
6220.169	33.689000000000306	trials	10.0	6250.478472000001	6251.75694	6252.660360000001	6253.943341	6249.936937	6252.160716			1.0	2.0	0.0	3.0					
6255.0	13.842999999999847	trials	10.0	6265.659828000001	6267.379795000001	6268.367371	6268.9292590000005	6265.11499	6267.784501			1.0	1.0	0.0	3.0					
6272.687	19.916000000000167	trials	10.0	6287.393287000001	6289.465974000001	6290.463337	6290.854364000001	6286.535403	6289.875361	6290.963	6292.603	1.0	2.0	1.0	1.0					
6294.653	8.600999999999658	trials	10.0	6299.493481	6301.505454	6302.591686000001	6303.344173	6298.978857	6302.025127			1.0	2.0	0.0	3.0					
6306.983	14.77599999999984	trials	10.0	6318.679867000001	6320.590306	6321.365584	6321.730794	6317.915793	6320.823391			1.0	1.0	0.0	3.0					
6324.689	36.264000000000124	trials	10.0	6358.349884	6359.511754	6360.540427	6361.042407	6357.381888	6359.953162000001			1.0	1.0	0.0	3.0					
6363.877	7.666999999999462	trials	10.0	6366.7198020000005	6368.69571	6369.671091	6370.057143	6366.018421000001	6369.052675	6370.238	6371.544	1.0	2.0	1.0	1.0					
6373.583	8.020000000000437	trials	10.0	6379.103799	6379.679602			6378.4740090000005	6379.666381			1.0		0.0	2.0					
6384.678	114.35500000000047	trials	10.0	6494.939265	6496.916019	6497.997322	6498.347511	6494.101045	6497.320851			1.0	1.0	0.0	3.0					
6500.281	23.43199999999979	trials	10.0	6520.314451	6521.790063	6522.786169	6523.0704590000005	6519.599988	6521.782147			1.0		0.0	2.0					
6527.72	19.557999999999993	trials	10.0	6544.293667	6545.67533	6546.884052	6547.364178000001	6543.419949	6546.303312			1.0	1.0	0.0	3.0					
6550.238	22.144999999999527	trials	10.0	6569.434818000001	6570.837468000001	6571.863925000001	6572.472669000001	6568.565005	6571.227124			1.0	1.0	0.0	3.0					
6574.129	34.20399999999972	trials	10.0	6604.984392	6606.708044	6607.861291	6608.421901000001	6604.379637	6607.2678670000005			1.0	1.0	0.0	3.0					
6610.143	24.414999999999964	trials	10.0	6631.334265	6632.696286	6634.018381	6634.645042	6630.7097140000005	6633.409489000001			1.0	1.0	0.0	3.0					
6638.333	23.46100000000024	trials	10.0	6658.129341	6659.812893	6660.609405	6661.882305	6657.584194	6660.113780000001			1.0	2.0	0.0	3.0					
6663.008	26.641999999999825	trials	10.0	6685.599911	6687.00258	6687.882364	6688.186396	6684.84464	6687.413028	6664.813	6689.65	1.0	2.0	1.0	1.0					
6692.595	10.594000000000051	trials	10.0	6697.736122	6699.773757	6700.982480000001	6703.276219	6696.878152	6700.446583000001			1.0	2.0	0.0	3.0					
6703.238	29.960000000000036	trials	10.0	6728.791347	6730.098132	6731.424774	6731.76622	6728.015673	6730.803184	6731.943	6733.198	1.0	2.0	1.0	1.0					
6737.218	7.694999999999709	trials	10.0	6741.124704	6742.682785	6744.002683000001	6745.000050000001	6740.4229350000005	6743.380937			1.0	2.0	0.0	3.0					
6748.383	26.5600000000004	trials	10.0	6771.54972	6773.443495	6774.359912	6775.034122	6770.572387	6773.76836			1.0	1.0	0.0	3.0					
6778.544	15.75	trials	10.0	6791.0619240000005	6792.776008000001	6793.787209	6794.382256000001	6790.399411	6793.211971000001			1.0	1.0	0.0	3.0					
6798.118	26.859999999999673	trials	10.0	6821.324072	6822.987897	6823.61154	6824.311465000001	6820.317741000001	6822.975555			1.0		0.0	2.0					
6829.052	14.391000000000531	trials	10.0	6838.431931	6840.501392	6841.368309	6841.762716	6837.838444	6840.906487	6841.983	6843.443	1.0	2.0	1.0	1.0					
6847.518	6.994999999999891	trials	10.0	6849.992319	6852.001969000001	6853.580767	6854.604502	6849.325054000001	6852.741642			1.0	2.0	0.0	3.0					
6856.903	55.30499999999938	trials	10.0	6908.820734000001	6910.5694220000005	6911.703396000001	6912.2961700000005	6908.216775000001	6911.10822			1.0	1.0	0.0	3.0					
6916.083	56.82000000000062	trials	10.0	6967.606351	6969.4763250000005	6970.924759	6970.980703	6966.983329000001	6970.147311000001	6971.669	6972.903	1.0	2.0	1.0	1.0					
6974.958	13.740000000000691	trials	10.0	6984.62586	6985.878506	6986.945388	6987.37165	6984.000162	6986.380741	6987.524	6988.698	1.0	2.0	1.0	1.0					
6990.833	11.096000000000458	trials	10.0	6996.782577	6998.643444	6999.759774	7000.216498000001	6995.883436	6999.166789000001	7000.393	7001.929	1.0	2.0	1.0	1.0					
7005.848	6.725000000000364	trials	10.0	7008.700972000001	7010.671684000001	7011.673830000001	7012.664376000001	7007.739334	7011.13917			1.0	2.0	0.0	3.0					
7015.059	9.069999999999709	trials	10.0	7020.115833	7021.879081	7023.1994270000005	7024.218607000001	7019.5344430000005	7022.522712			1.0	2.0	0.0	3.0					
7026.513	16.546000000000276	trials	10.0	7039.972993	7041.4931320000005	7042.634415	7043.151141	7039.1193490000005	7041.968339			1.0	1.0	0.0	3.0					
7044.968	29.595000000000255	trials	10.0	7071.425625	7072.530591000001	7073.409567000001	7074.652842	7070.455494	7072.92694			1.0	2.0	0.0	3.0					
7077.687	42.840000000000146	trials	10.0	7116.02682	7117.908649	7118.990575000001	7120.613313	7115.4397850000005	7118.426257			1.0	2.0	0.0	3.0					
7122.263	45.68000000000029	trials	10.0	7163.727278	7165.258321	7166.374285	7168.035294	7162.978183	7165.831630000001			1.0	2.0	0.0	3.0					
7170.629	17.328999999999724	trials	10.0	7183.3315920000005	7185.253018	7186.2103290000005	7186.605568000001	7182.478312	7185.664743	7186.868	7187.958	1.0	2.0	1.0	1.0					
7190.093	714.165	BlockDesign														1.0	330.0	369.0	90.0	50.0
7190.093	9.954999999999927	trials	11.0	7195.012993	7196.700718	7197.9881270000005	7198.335385	7194.257404	7197.403246	7198.553	7200.048	1.0	2.0	1.0	1.0					
7204.068	9.800999999999476	trials	11.0	7209.866956	7211.544126000001	7212.773571000001	7213.959699	7209.123289	7211.948058			1.0	2.0	0.0	3.0					
7217.194	13.974999999999454	trials	11.0	7227.276828	7229.032405	7230.338788	7231.259275	7226.661487	7229.735845			1.0	2.0	0.0	3.0					
7233.678	29.786000000000058	trials	11.0	7259.916748000001	7261.35391	7262.499105000001	7263.551245000001	7259.376539000001	7262.001354			1.0	2.0	0.0	3.0					
7264.804	26.798999999999978	trials	11.0	7287.102793	7288.573063	7289.582395	7291.694059	7286.467213	7289.081377			1.0	2.0	0.0	3.0					
7293.863	18.100999999999658	trials	11.0	7307.598424	7309.515137	7310.375157	7310.768548	7306.715313000001	7309.775713	7310.964	7311.964	1.0	1.0	1.0	1.0					
7314.0	10.63299999999981	trials	11.0	7319.6925630000005	7321.724161	7322.465601	7322.902255000001	7318.996065	7321.924861	7323.068	7324.633	1.0	1.0	1.0	1.0					
7328.794	13.493999999999687	trials	11.0	7338.0136090000005	7339.420515	7340.4235180000005	7340.7995710000005	7337.088147	7339.855216	7341.053	7342.288	1.0	1.0	1.0	1.0					
7344.308	10.25	trials	11.0	7349.841939	7351.6681960000005	7352.496675	7352.948394	7349.3042350000005	7351.891702000001	7353.218	7354.558	1.0	1.0	1.0	1.0					
7356.628	11.385000000000218	trials	11.0	7363.537389	7365.162693	7366.135819	7366.59318	7362.774001	7365.535734	7366.708	7368.013	1.0	1.0	1.0	1.0					
7371.038	9.645000000000437	trials	11.0	7376.882209	7378.031025	7378.848069000001	7379.335288	7375.963269	7378.2765850000005	7379.873	7380.683	1.0	1.0	1.0	1.0					
7384.818	11.24499999999989	trials	11.0	7392.158113	7393.440610000001	7394.3705740000005	7394.791578	7391.600181	7393.799488000001	7394.953	7396.063	1.0	1.0	1.0	1.0					
7399.098	10.579999999999927	trials	11.0	7404.607801	7406.552074	7407.384652000001	7407.854607	7403.784818	7406.877498	7408.089	7409.678	1.0	1.0	1.0	1.0					
7411.698	14.859999999999673	trials	11.0	7422.184368	7424.075733000001	7424.8474590000005	7425.3226270000005	7421.2831750000005	7424.3157280000005	7425.383	7426.558	1.0	1.0	1.0	1.0					
7428.583	11.71100000000024	trials	11.0	7435.487616	7437.5597370000005	7438.582114000001	7438.992414	7434.629718	7437.963558	7439.183	7440.294	1.0	1.0	1.0	1.0					
7444.379	7.025000000000546	trials	11.0	7446.992905	7448.810023	7449.6833830000005	7450.161808000001	7446.34299	7449.2006280000005	7450.464	7451.404	1.0	1.0	1.0	1.0					
7453.448	10.515999999999622	trials	11.0	7460.9275800000005	7462.776919	7463.52163	7464.054381	7460.306792	7462.972525			1.0	1.0	0.0	3.0					
7466.896	10.569000000000415	trials	11.0	7473.983058	7475.529592000001	7476.50656	7477.558078	7473.411974000001	7475.962772000001			1.0	2.0	0.0	3.0					
7479.843	20.395000000000437	trials	11.0	7497.559674	7498.737529	7499.597864	7500.329632000001	7496.906241000001	7499.117152000001			1.0	2.0	0.0	3.0					
7502.919	92.13900000000012	trials	11.0	7590.728488000001	7592.535992	7593.429198	7593.698737000001	7590.043642000001	7592.8580790000005	7593.998	7595.058	1.0	2.0	1.0	1.0					
7599.148	7.170000000000073	trials	11.0	7602.398839	7603.886245000001	7604.977375	7606.41072	7601.532394	7604.354841			1.0	1.0	0.0	3.0					
7607.328	20.779999999999745	trials	11.0	7623.353649000001	7625.352135	7626.207258	7626.625752	7622.644476	7625.606032000001	7626.803	7628.108	1.0	1.0	1.0	1.0					
7630.123	9.825000000000728	trials	11.0	7636.528476	7638.115438000001	7639.270209	7640.042464	7635.717132	7638.724395			1.0	2.0	0.0	3.0					
7642.583	31.414999999999964	trials	11.0	7670.378337	7672.100647	7673.31151	7674.089632	7669.8091030000005	7672.792845			1.0	2.0	0.0	3.0					
7677.704	8.465000000000146	trials	11.0	7681.343290000001	7683.187674000001	7684.0342390000005	7684.5428170000005	7680.351351	7683.4605790000005	7684.733	7686.169	1.0	1.0	1.0	1.0					
7689.308	8.085000000000036	trials	11.0	7692.739084000001	7693.840429	7694.907486	7695.355458	7692.121272	7694.325853	7695.458	7697.393	1.0	1.0	1.0	1.0					
7699.25	9.443000000000211	trials	11.0	7704.233854	7705.710588	7706.672713	7707.110719	7703.560204	7706.0943910000005	7707.254	7708.693	1.0	1.0	1.0	1.0					
7712.738	9.414999999999964	trials	11.0	7717.208804	7718.595075	7720.073338	7720.51587	7716.694521	7719.431425000001	7720.723	7722.153	1.0	1.0	1.0	1.0					
7726.298	8.920000000000073	trials	11.0	7730.779203	7732.535806	7733.463353	7733.871828	7730.252350000001	7732.861818	7734.108	7735.218	1.0	1.0	1.0	1.0					
7739.348	6.970000000000255	trials	11.0	7742.02933	7743.411198	7744.529278	7745.002741	7741.366956	7743.988551	7745.188	7746.318	1.0	1.0	1.0	1.0					
7749.34	8.203999999999724	trials	11.0	7753.909345	7755.621049	7756.625476	7757.332953	7752.912373	7756.042104			1.0	1.0	0.0	3.0					
7761.003	25.13500000000022	trials	11.0	7782.015901000001	7784.0240140000005	7785.123219	7786.231927000001	7781.229289000001	7784.523981			1.0	2.0	0.0	3.0					
7788.449	7.9340000000001965	trials	11.0	7792.989383	7794.2509580000005	7795.306293000001	7795.725123	7792.221942	7794.776949			1.0	1.0	1.0	1.0					
7799.819	14.009000000000015	trials	11.0	7809.194674	7810.453861	7812.610569	7813.919967	7808.262571	7811.941813			1.0	2.0	0.0	3.0					
7817.004	17.338999999999942	trials	11.0	7829.3548900000005	7831.290567	7832.041726	7832.485894	7828.404	7831.504561000001	7832.648	7834.343	1.0	1.0	1.0	1.0					
7836.379	10.344000000000051	trials	11.0	7841.649948	7843.380516	7844.4120490000005	7844.895153	7840.894362	7843.784308	7845.004	7846.723	1.0	1.0	1.0	1.0					
7849.75	15.168999999999869	trials	11.0	7860.435939000001	7861.982697	7862.7987060000005	7863.234063	7859.793295	7862.27188	7863.433	7864.919	1.0	1.0	1.0	1.0					
7866.943	10.510000000000218	trials	11.0	7872.719964	7874.299858	7875.271801000001	7875.7678430000005	7871.736902000001	7874.736463	7875.979	7877.453	1.0	1.0	1.0	1.0					
7879.596	9.04700000000048	trials	11.0	7884.400035000001	7885.8058	7886.782888000001	7887.334734	7883.7523120000005	7886.253355000001	7887.428	7888.643	1.0	1.0	1.0	1.0					
7891.728	12.529999999999745	trials	11.0	7899.594508	7901.420174000001	7902.395451	7902.870567	7898.8161310000005	7901.765139	7903.098	7904.258	1.0	1.0	1.0	1.0					
7908.39	686.0230000000001	BlockDesign														1.0	370.0	391.0	50.0	0.0
7908.39	6.653999999999542	trials	12.0	7911.479895	7913.17332	7914.5703920000005	7915.139853000001	7910.926678	7913.900358000001			2.0	1.0	0.0	3.0					
7916.845	44.33299999999963	trials	12.0	7957.549648	7959.23195	7960.333905	7961.2714590000005	7956.950580000001	7959.382566			2.0	2.0	0.0	3.0					
7963.683	9.895000000000437	trials	12.0	7971.195262	7972.465212	7973.186609	7973.636233	7970.247811	7972.710385			2.0	1.0	0.0	3.0					
7975.533	87.96000000000004	trials	12.0	8059.424886000001	8060.723175	8061.573789	8061.973399	8058.484624000001	8061.040348	8062.138	8063.493	2.0	1.0	1.0	1.0					
8066.518	10.445999999999913	trials	12.0	8072.710561	8073.9571750000005	8074.937787000001	8075.380009	8071.946893	8074.32318	8075.669	8076.964	2.0	1.0	1.0	1.0					
8081.058	5.985999999999876	trials	12.0	8084.090556	8085.712467	8086.616433	8087.13564	8083.08736	8085.987747			2.0	1.0	0.0	3.0					
8089.029	26.099999999999454	trials	12.0	8110.941015	8112.383055	8113.203732	8113.6723170000005	8110.046473	8112.669126000001	8113.908	8115.129	2.0	1.0	1.0	1.0					
8117.145	9.182999999999993	trials	12.0	8123.555064	8124.902944	8125.843807	8126.422033000001	8122.723002000001	8125.271233			2.0	1.0	0.0	3.0					
8128.218	28.605000000000473	trials	12.0	8153.78118	8155.431271	8156.463273	8156.919870000001	8153.1761400000005	8155.933096000001			2.0	1.0	0.0	3.0					
8160.768	86.71500000000015	trials	12.0	8243.45182	8244.882801	8245.790722	8246.285327000001	8242.710548000001	8245.190974000001	8246.402	8247.483	2.0	1.0	1.0	1.0					
8250.518	76.09000000000015	trials	12.0	8322.411568	8324.296477	8325.002899000001	8325.397803	8321.537972	8324.470419000001	8325.558	8326.608	2.0	1.0	1.0	1.0					
8328.629	15.948999999998705	trials	12.0	8341.603183	8342.873281	8343.70414	8344.671109	8341.02021	8343.224744			2.0	1.0	0.0	3.0					
8346.044	29.988999999999578	trials	12.0	8373.393433000001	8374.71109	8375.570764	8376.126778	8372.843382000001	8375.029311			2.0	1.0	0.0	3.0					
8377.919	19.299000000000888	trials	12.0	8392.971355	8394.945055	8396.488807	8397.314286	8392.184663	8395.846053000001			2.0	2.0	0.0	3.0					
8400.781	22.75199999999859	trials	12.0	8420.362509	8421.620716000001			8419.763265000001	8421.614646			2.0		0.0	2.0					
8426.544	47.07899999999972	trials	12.0	8469.397496000001	8470.819573	8471.566674	8472.004393	8468.643061	8471.010325	8472.263	8473.623	2.0	1.0	1.0	1.0					
8475.723	12.44000000000051	trials	12.0	8484.91234	8486.759668	8487.637383000001	8488.258053000001	8483.930977	8486.985979000001			2.0	1.0	0.0	3.0					
8490.893	24.709999999999127	trials	12.0	8512.497537	8514.084288	8515.086435000001	8515.697811	8511.492475000001	8514.451804			2.0	1.0	0.0	3.0					
8517.375	14.343000000000757	trials	12.0	8527.247352	8529.053895000001	8529.840139	8530.278775	8526.437439000001	8529.281786	8530.608	8531.718	2.0	1.0	1.0	1.0					
8535.813	9.284999999999854	trials	12.0	8541.507543	8543.184518			8540.584183	8543.175083			2.0		0.0	2.0					
8547.108	26.73999999999978	trials	12.0	8571.067947	8572.518762	8573.37073	8573.94732	8570.122139000001	8572.708653			2.0	1.0	0.0	3.0					
8576.688	17.725000000000364	trials	12.0	8589.694839	8591.639779000001	8592.427063000001	8592.849741	8589.030798	8591.880297	8593.053	8594.413	2.0	1.0	1.0	1.0					
8596.433	358.91999999999825	BlockDesign														1.0	392.0	411.0	0.0	50.0
8596.433	14.695999999999913	trials	13.0	8605.278213000001	8606.787311	8609.477359	8609.751204	8604.346162	8608.564088000001	8610.004	8611.129	3.0	2.0	1.0	1.0					
8614.195	9.179000000000087	trials	13.0	8619.422638	8621.294703	8621.902096	8623.472228	8618.644633	8621.344078			3.0	2.0	0.0	3.0					
8626.223	19.30500000000029	trials	13.0	8641.019353	8642.755427	8643.633739	8643.995472	8640.364561	8643.085528	8644.208	8645.528	3.0	2.0	1.0	1.0					
8647.663	9.489999999999782	trials	13.0	8653.78789	8655.532686	8656.295437	8657.250775	8653.237875	8655.786451			3.0	2.0	0.0	3.0					
8658.638	23.990999999999985	trials	13.0	8678.233423	8679.566632	8680.395258	8680.787556	8677.389777	8679.895017	8681.083	8682.629	3.0	2.0	1.0	1.0					
8684.714	12.72899999999936	trials	13.0	8693.198840000001	8694.704962	8695.748106000001	8696.120235	8692.29637	8695.14016	8696.278	8697.443	3.0	2.0	1.0	1.0					
8701.478	11.800000000001091	trials	13.0	8710.25794	8711.474632000001	8712.436348	8713.376091	8709.716349	8711.905132			3.0	2.0	0.0	3.0					
8715.769	18.44499999999971	trials	13.0	8730.721794000001	8731.999098	8733.048516	8734.310233	8729.841690000001	8732.419175			3.0	2.0	0.0	3.0					
8735.393	42.034999999999854	trials	13.0	8773.700086	8775.236049	8776.106342000001	8777.527303	8773.061173	8775.630885			3.0	2.0	0.0	3.0					
8779.546	13.771999999999025	trials	13.0	8788.713493	8790.490467	8791.412251	8791.742803000001	8788.212414000001	8790.86584	8791.919	8793.318	3.0	2.0	1.0	1.0					
8795.405	10.903000000000247	trials	13.0	8802.358935	8803.615842	8804.570396000001	8805.017047000001	8801.495193	8804.031211000001	8805.268	8806.308	3.0	2.0	1.0	1.0					
8810.348	6.165000000000873	trials	13.0	8813.154228	8814.58899	8815.565178	8816.612881000001	8812.152981	8815.039935			3.0	2.0	0.0	3.0					
8818.823	17.520000000000437	trials	13.0	8832.669	8834.110887	8835.432846	8836.442919000001	8831.972469	8834.846965			3.0	2.0	0.0	3.0					
8839.758	20.020000000000437	trials	13.0	8855.494411	8857.14724	8858.068497	8858.454949	8854.937344	8857.559694	8858.604	8859.778	3.0	2.0	1.0	1.0					
8861.828	9.730000000001382	trials	13.0	8866.793875	8868.628317	8869.62304	8869.997683000001	8866.153956	8869.082392	8870.129	8871.558	3.0	2.0	1.0	1.0					
8873.643	12.213999999999942	trials	13.0	8882.678901	8884.035949000001	8885.080731	8885.957175	8881.791928	8884.412893			3.0	2.0	0.0	3.0					
8889.423	25.609999999998763	trials	13.0	8909.749660000001	8911.819851	8913.293509000001	8913.687912000001	8908.818702	8912.299206	8913.964	8915.033	3.0	2.0	1.0	1.0					
8917.12	10.862999999999374	trials	13.0	8922.744684000001	8924.516736000001	8925.554272000001	8926.003498	8921.870965	8924.973526	8926.144	8927.983	3.0	2.0	1.0	1.0					
8930.779	7.908999999999651	trials	13.0	8935.150055	8936.738305	8937.596941	8938.78866	8934.627915000001	8937.122038000001			3.0	2.0	0.0	3.0					
8939.913	15.43999999999869	trials	13.0	8952.520722000001	8954.107573000001	8955.292002	8956.312582	8951.967144	8954.676246			3.0	2.0	0.0	3.0					
8957.624	920.8150000000005	BlockDesign														1.0	412.0	454.0	50.0	50.0
8957.624	14.03399999999965	trials	14.0	8967.455101	8968.921572	8969.738913000001	8970.180766000001	8966.784352	8969.217552	8970.318	8971.658	2.0	1.0	1.0	1.0					
8973.708	8.619999999998981	trials	14.0	8979.324894000001	8980.882003	8981.921605	8982.403992	8978.603568	8981.266531000001			2.0	1.0	0.0	3.0					
8986.249	64.51900000000023	trials	14.0	9046.184647	9047.936236000001	9048.848284	9049.21225	9045.648604	9048.329673	9049.523	9050.768	3.0	2.0	1.0	1.0					
9053.864	9.738999999999578	trials	14.0	9059.405518	9060.729849	9061.765564000001	9061.995159	9058.889118000001	9061.175605	9062.373	9063.603	3.0	2.0	1.0	1.0					
9066.674	8.343999999999141	trials	14.0	9070.871932	9072.031966	9073.30681	9073.72515	9069.92275	9072.658915	9073.818	9075.018	2.0	1.0	1.0	1.0					
9079.044	9.078999999999724	trials	14.0	9084.380323000001	9085.621821	9087.136504	9088.220211	9083.601666	9086.416537000001			3.0	1.0	0.0	3.0					
9089.465	34.66400000000067	trials	14.0	9120.295318	9122.136819	9123.205450000001	9124.230316000001	9119.517586	9122.193158			2.0	1.0	0.0	3.0					
9126.548	10.68999999999869	trials	14.0	9133.865709	9135.537435	9136.342967	9137.337891	9133.193843000001	9135.904219			3.0	2.0	0.0	3.0					
9138.671	14.731999999999971	trials	14.0	9150.555282000001	9152.159434000001	9152.89057	9153.501197000001	9149.712637	9152.328015000001			2.0	1.0	0.0	3.0					
9156.223	35.50799999999981	trials	14.0	9188.100097	9189.378161			9187.231351	9189.707852	9190.873	9191.731	3.0	2.0	1.0	1.0					
9194.744	10.804000000000087	trials	14.0	9200.698369	9202.593811	9203.36447	9203.826928	9199.898549	9202.771426	9204.068	9205.548	2.0	1.0	1.0	1.0					
9207.408	8.585000000000946	trials	14.0	9212.293216	9213.390265	9215.469098	9216.037079	9211.636903999999	9214.266889			2.0	1.0	0.0	3.0					
9219.869	33.314000000000306	trials	14.0	9248.898608	9249.950135	9251.217662	9251.482219	9248.136367	9250.702682	9251.808	9253.183	3.0	2.0	1.0	1.0					
9255.268	9.25	trials	14.0	9261.533526	9262.884383	9263.767946	9264.56012	9260.566505	9263.273844			3.0	2.0	0.0	3.0					
9268.153	13.084999999999127	trials	14.0	9277.054255	9278.49452	9279.283166	9279.746899	9276.332699	9278.677529	9280.078	9281.238	2.0	1.0	1.0	1.0					
9284.333	8.164999999999054	trials	14.0	9289.363868	9290.595638	9291.706904	9292.537913	9288.402134	9291.055981			3.0	2.0	0.0	3.0					
9295.078	12.350000000000364	trials	14.0	9304.643551	9305.835182	9306.763777	9307.470275	9303.955442	9306.229184			3.0	2.0	0.0	3.0					
9309.208	23.57499999999891	trials	14.0	9329.723743	9331.574908	9332.309655	9332.826219999999	9329.181623	9331.692331			2.0	1.0	0.0	3.0					
9335.664	44.61899999999878	trials	14.0	9376.67512	9377.846131	9378.652493	9378.906631	9376.00238	9378.1849	9379.171	9380.283	3.0	2.0	1.0	1.0					
9383.303	11.854999999999563	trials	14.0	9390.788455	9392.530424	9393.415913	9393.674977	9390.063713	9392.930307999999	9394.018	9395.158	3.0	2.0	1.0	1.0					
9397.183	14.30999999999949	trials	14.0	9405.715892	9407.031979	9408.694774	9411.534959	9404.914252999999	9407.424041			3.0	2.0	0.0	3.0					
9413.109	29.453999999999724	trials	14.0	9438.724839999999	9440.598074			9437.766518	9440.587274			2.0		0.0	2.0					
9446.613	23.726000000000568	trials	14.0	9465.869503	9467.431301	9468.364054	9468.803433	9465.122041999999	9467.823454	9469.053	9470.339	2.0	1.0	1.0	1.0					
9472.358	10.049999999999272	trials	14.0	9477.819104	9479.335987999999	9480.281934999999	9480.802051	9477.096226	9479.653871	9480.988	9482.408	2.0	1.0	1.0	1.0					
9486.428	9.222999999999956	trials	14.0	9493.034218	9494.295527	9495.261801	9495.677608	9492.270658	9494.65313			3.0	1.0	0.0	3.0					
9499.609	29.716999999998734	trials	14.0	9525.684755	9526.927696	9527.675738	9527.961883	9524.851106	9527.181464	9528.363	9529.326	3.0	2.0	1.0	1.0					
9532.375	10.247999999999593	trials	14.0	9537.729838	9539.595851	9540.54506	9541.007654	9536.926376	9539.913181	9541.248	9542.623	2.0	1.0	1.0	1.0					
9544.708	9.037999999998647	trials	14.0	9550.147196	9551.911537	9552.760919	9553.434455	9549.579212999999	9552.171014			2.0	1.0	0.0	3.0					
9556.138	28.104999999999563	trials	14.0	9580.888061	9582.640478	9583.716827	9584.284376	9580.169673	9583.050205			2.0	1.0	0.0	3.0					
9587.078	51.48000000000138	trials	14.0	9634.220600999999	9635.316595	9636.741073	9637.10465	9633.658421	9636.110369	9637.358	9638.558	2.0	1.0	1.0	1.0					
9640.625	11.112999999999374	trials	14.0	9648.03124	9649.698065	9650.813446	9651.783602	9647.134249	9650.114629			3.0	2.0	0.0	3.0					
9653.188	14.590000000000146	trials	14.0	9662.92629	9664.915395	9665.926511	9666.268343	9662.332047	9665.34317	9666.529	9667.778	3.0	2.0	1.0	1.0					
9669.853	10.780000000000655	trials	14.0	9676.275706	9677.621909	9678.62249	9679.072995	9675.291485	9677.95788	9679.208	9680.633	2.0	1.0	1.0	1.0					
9683.754	11.03399999999965	trials	14.0	9690.294989	9692.114575	9693.053842	9694.834069999999	9689.479318	9692.498602			2.0	1.0	0.0	3.0					
9697.408	30.63000000000102	trials	14.0	9724.310384	9726.072369	9726.544286	9727.180085	9723.711295	9726.067090999999			3.0		0.0	2.0					
9732.046	26.217000000000553	trials	14.0	9754.620272	9756.296449	9756.782154	9757.336506	9753.641191	9756.284544			3.0		0.0	2.0					
9761.323	16.57499999999891	trials	14.0	9775.261996	9776.447897	9777.382411	9777.940088	9774.299843	9776.821534			2.0	1.0	0.0	3.0					
9780.738	24.420000000000073	trials	14.0	9801.035878	9802.71712	9803.542589	9803.850484999999	9800.074837	9803.067293	9804.218	9805.158	3.0	2.0	1.0	1.0					
9807.204	10.389000000001033	trials	14.0	9813.848846	9815.277727	9816.39368	9817.638122	9812.927148	9815.865368			3.0	2.0	0.0	3.0					
9818.734	16.09900000000016	trials	14.0	9830.335377	9831.878093	9832.722964	9833.151359	9829.777967	9832.187985999999	9833.313	9834.833	2.0	1.0	1.0	1.0					
9837.848	16.014999999999418	trials	14.0	9849.670196	9850.902466	9852.114837	9852.470986	9849.106509	9851.548999999999	9852.858	9853.863	3.0	2.0	1.0	1.0					
9857.909	9.610000000000582	trials	14.0	9862.686275	9864.545911	9865.300231	9865.733275999999	9861.811394	9864.722911	9865.998	9867.519	2.0	1.0	1.0	1.0					
9869.608	8.831000000000131	trials	14.0	9875.810954	9877.037804	9878.329459999999	9879.34397	9874.988838	9877.730564			3.0	1.0	0.0	3.0					
9881.712	177.6910000000007	BlockDesign														1.0	455.0	459.0	0.0	0.0
9881.712	25.01599999999962	trials	15.0	9904.016548	9905.513201	9906.287765	9906.774173	9903.460277	9905.764373			2.0	1.0	0.0	3.0					
9911.598	41.465000000000146	trials	15.0	9950.001148	9951.657746	9952.57483	9953.106856	9949.197067	9951.937979			2.0	1.0	0.0	3.0					
9956.029	34.93499999999949	trials	15.0	9987.802897	9989.085169	9990.09433	9991.006164999999	9987.252955	9989.550471999999			2.0	2.0	0.0	3.0					
9994.488	25.25500000000102	trials	15.0	10016.896467999999	10018.489216	10019.354795	10019.775877	10016.11056	10018.768981			2.0	1.0	0.0	3.0					
10022.754	36.64899999999943	trials	15.0	10056.352486	10058.258888	10059.272692	10059.824351	10055.824124	10058.672855			2.0	2.0	0.0	3.0					
10062.643	166.75	BlockDesign														1.0	460.0	465.0	0.0	0.0
10062.643	32.32099999999991	trials	16.0	10091.981923	10093.507861	10094.368511	10095.011438	10091.229201	10093.849799			3.0	2.0	0.0	3.0					
10097.768	18.625	trials	16.0	10112.472638	10114.435186	10115.031703	10115.351236999999	10111.582627	10114.42592			3.0		0.0	2.0					
10120.453	19.386000000000422	trials	16.0	10136.763433	10138.438832	10139.262005	10139.886434	10136.117404999999	10138.732796			3.0	2.0	0.0	3.0					
10142.656	46.565999999998894	trials	16.0	10185.916787	10187.203764	10188.133367	10189.267652	10185.170836	10187.609552			3.0	2.0	0.0	3.0					
10191.438	16.959999999999127	trials	16.0	10205.267779	10207.15894	10207.948277	10208.442043	10204.373839	10207.359592			3.0	1.0	0.0	3.0					
10212.388	17.0049999999992	trials	16.0	10227.097994	10228.394417	10229.293786	10230.074417	10226.337986	10228.794796			3.0	2.0	0.0	3.0					
10232.843	1317.9449999999997	BlockDesign														1.0	466.0	511.0	50.0	50.0
10232.843	15.944999999999709	trials	17.0	10245.803663	10247.459029	10248.413807	10248.822263	10244.837153	10247.710812			3.0	1.0	0.0	3.0					
10250.873	15.96600000000035	trials	17.0	10262.961944	10264.140599	10265.034386	10265.382556	10261.967033	10264.527026	10265.629	10266.839	3.0	2.0	1.0	1.0					
10270.863	20.204999999999927	trials	17.0	10288.098404	10289.324015	10290.271354	10291.115056999999	10287.449845	10289.629433			3.0	2.0	0.0	3.0					
10294.663	26.255999999999403	trials	17.0	10316.920918	10318.306031	10319.244919	10319.685832	10316.246926	10318.559071	10319.828	10320.919	2.0	1.0	1.0	1.0					
10322.938	32.60599999999977	trials	17.0	10351.93793	10353.795777	10354.477605	10355.591879	10351.377167	10353.941543			2.0	1.0	0.0	3.0					
10356.864	14.418999999999869	trials	17.0	10367.782756999999	10369.05196	10370.337527	10371.329206	10367.231609	10369.761295			2.0	2.0	0.0	3.0					
10373.75	11.468000000000757	trials	17.0	10380.778142	10382.349427	10383.183049	10385.264084	10379.98933	10382.656046			3.0	2.0	0.0	3.0					
10386.563	15.520000000000437	trials	17.0	10397.52338	10399.230142	10400.004812	10400.468971	10397.010814	10399.468692999999	10400.609	10402.083	2.0	1.0	1.0	1.0					
10405.171	22.67200000000048	trials	17.0	10423.43335	10425.293381	10426.106221	10426.506115	10422.453161	10425.358207	10426.798	10427.843	2.0	1.0	1.0	1.0					
10429.878	20.090000000000146	trials	17.0	10445.413406	10446.741218	10448.318129	10448.667769	10444.599619	10447.368210999999	10448.908	10449.968	3.0	2.0	1.0	1.0					
10454.053	18.424999999999272	trials	17.0	10469.319245	10470.434624	10471.373121999999	10472.524183	10468.364234	10470.795244			2.0	1.0	0.0	3.0					
10473.798	10.590000000000146	trials	17.0	10481.127922	10482.812934	10483.800232	10484.434016	10480.339747	10483.225957			3.0	2.0	0.0	3.0					
10486.228	20.840000000000146	trials	17.0	10502.907334	10504.440601	10505.368991	10505.578948	10502.139877	10504.783231	10506.123	10507.068	3.0	2.0	1.0	1.0					
10511.153	28.0	trials	17.0	10534.962604	10536.145697	10536.947689	10537.377121	10533.982553	10536.390539	10537.495	10539.153	2.0	1.0	1.0	1.0					
10542.234	19.513999999999214	trials	17.0	10558.180556	10560.249131	10561.181324	10561.793163	10557.36012	10560.639460999999			3.0	2.0	0.0	3.0					
10564.493	13.05999999999949	trials	17.0	10574.60974	10576.241081	10576.909327	10577.599603	10573.737028	10576.331941			2.0	1.0	0.0	3.0					
10579.228	16.975000000000364	trials	17.0	10591.828858	10592.986099	10593.921128	10594.273835	10590.882744999999	10593.407146	10594.643	10596.203	3.0	2.0	1.0	1.0					
10599.29	56.01800000000003	trials	17.0	10652.694457	10653.793426	10654.700921	10655.357101	10651.940070999999	10654.150727			3.0	2.0	0.0	3.0					
10659.046	10.162000000000262	trials	17.0	10665.758642	10667.804952999999	10668.768091	10669.257665	10665.015155	10668.231802			3.0	1.0	0.0	3.0					
10671.073	26.19000000000051	trials	17.0	10693.934956	10696.020398	10696.718131	10697.313695	10692.949196	10696.003856			2.0	1.0	0.0	3.0					
10700.023	25.981000000001586	trials	17.0	10722.720791	10724.503044	10725.108602	10726.05466	10721.723201	10724.583344			3.0	2.0	0.0	3.0					
10727.483	18.01000000000022	trials	17.0	10742.284622	10743.933385	10744.829201	10745.54041	10741.389964	10744.271963			2.0	2.0	0.0	3.0					
10748.135	132.93299999999908	trials	17.0	10877.017104999999	10878.202684	10879.35014	10879.708547	10876.391749999999	10878.739207	10879.993	10881.068	2.0	1.0	1.0	1.0					
10885.183	20.90599999999904	trials	17.0	10902.190772	10903.376881	10904.708704	10906.136381	10901.524819	10903.971791			2.0	1.0	0.0	3.0					
10907.008	16.170000000000073	trials	17.0	10918.644011	10919.963111	10921.375023	10921.738642	10917.773768	10920.568985	10922.089	10923.178	3.0	2.0	1.0	1.0					
10926.198	22.0	trials	17.0	10944.085363	10946.136196	10947.14603	10948.245601999999	10943.144621	10946.633369			2.0	2.0	0.0	3.0					
10951.484	12.384000000000015	trials	17.0	10960.625585	10961.988553	10963.113777999999	10963.915807	10959.940727	10962.595035			3.0	2.0	0.0	3.0					
10966.468	28.11499999999978	trials	17.0	10989.932363	10991.752418	10992.533047	10993.01413	10989.353857	10991.984093	10993.208	10994.583	2.0	1.0	1.0	1.0					
10997.669	18.898999999999432	trials	17.0	11013.906149	11015.007292	11016.054347	11016.619711	11013.129911	11015.473355			3.0	2.0	0.0	3.0					
11018.439	22.90899999999965	trials	17.0	11037.276432999999	11038.620246999999	11039.691581	11040.087076	11036.671266	11039.067437	11040.288	11041.348	3.0	2.0	1.0	1.0					
11043.363	12.105000000001382	trials	17.0	11051.271359	11052.75001	11053.433593	11053.858135999999	11050.308649999999	11052.839009	11054.009	11055.468	2.0	1.0	1.0	1.0					
11059.533	12.225000000000364	trials	17.0	11066.876008	11068.239434			11066.30507	11068.231591			2.0		0.0	2.0					
11072.248	4.091000000000349	trials	17.0	11073.966136	11074.378018			11073.34429	11074.367693			2.0		0.0	2.0					
11079.344	20.410000000001673	trials	17.0	11096.057864	11097.717953			11095.149314	11097.71456			3.0		0.0	2.0					
11103.829	27.48400000000038	trials	17.0	11128.566647	11130.057892	11130.932254	11131.364017	11127.998614	11130.354578999999			3.0	1.0	0.0	3.0					
11134.298	96.04500000000007	trials	17.0	11226.636718	11228.263676			11225.858155	11228.257577			2.0		0.0	2.0					
11233.363	134.82000000000153	trials	17.0	11365.502596	11366.642549	11367.719489	11368.236344	11364.587066	11367.018202			2.0	1.0	0.0	3.0					
11370.093	24.23999999999978	trials	17.0	11390.492525	11391.579405	11392.639273	11393.034008999999	11389.955437	11392.082021	11393.203	11394.333	3.0	2.0	1.0	1.0					
11398.353	8.691000000000713	trials	17.0	11402.507294	11404.168493	11405.000666	11405.488385	11401.772191	11404.405625	11405.629	11407.044	2.0	1.0	1.0	1.0					
11409.073	10.875	trials	17.0	11415.978901	11417.694774	11418.957446	11419.472996	11415.004379	11418.202529			3.0	1.0	0.0	3.0					
11423.273	33.19500000000153	trials	17.0	11449.322894	11450.879541999999	11451.695909	11452.237016	11448.392114	11451.169172	11452.273	11456.468	2.0	1.0	1.0	1.0					
11458.488	14.56500000000051	trials	17.0	11469.073429	11470.664488999999	11471.642620999999	11473.103651	11468.279192	11471.064343			3.0	2.0	0.0	3.0					
11473.964	15.10399999999936	trials	17.0	11484.716506	11486.087959	11487.118101	11487.572192	11483.722924	11486.573343	11487.823	11489.068	3.0	2.0	1.0	1.0					
11492.129	8.268999999998414	trials	17.0	11496.467901	11497.964833	11499.092723	11500.447847	11495.631088	11498.335346			2.0	1.0	0.0	3.0					
11502.458	27.24499999999898	trials	17.0	11524.573526	11526.429584	11527.010264	11529.753563	11523.871181	11526.514742			3.0	2.0	0.0	3.0					
11531.303	19.485000000000582	trials	17.0	11548.503925	11549.715133	11550.714541	11551.246761999999	11547.933377	11550.10478			2.0	1.0	0.0	3.0					
11554.079	756.1689999999999	BlockDesign														1.0	512.0	545.0	10.0	50.0
11554.079	37.1190000000006	trials	18.0	11588.178757	11589.333114000001	11590.683681	11591.249423	11587.544423	11590.143724			1.0	1.0	0.0	3.0					
11594.068	19.89600000000064	trials	18.0	11610.138106999999	11611.822466	11612.812541	11614.015228	11609.344337	11612.211239			1.0	2.0	0.0	3.0					
11615.169	42.01400000000103	trials	18.0	11653.954013	11655.407915	11656.386049	11657.237398	11653.308756999999	11655.819019999999			1.0	1.0	0.0	3.0					
11658.698	54.84599999999955	trials	18.0	11708.459452	11710.230567999999	11711.487151	11711.809669	11707.730646	11710.849807	11705.568	11713.544	1.0	2.0	1.0	1.0					
11716.629	8.365999999999985	trials	18.0	11721.324512	11723.422544000001	11724.516665	11725.047241	11720.698769999999	11723.753936			1.0	1.0	0.0	3.0					
11728.0	26.483000000000175	trials	18.0	11751.75956	11752.84079	11753.873706999999	11754.536191	11750.779433	11753.289215			1.0	1.0	0.0	3.0					
11756.294	33.61399999999958	trials	18.0	11785.718218	11786.741388999999	11787.960202999999	11788.324061	11784.834135	11787.164036	11788.613	11789.908	1.0	1.0	1.0	1.0					
11792.061	17.110000000000582	trials	18.0	11805.325589	11807.350546	11808.800741	11809.179503	11804.608866	11808.116008			1.0	1.0	0.0	3.0					
11811.105	17.673000000000684	trials	18.0	11824.655017000001	11826.281878	11827.020109000001	11827.325368	11823.651339	11826.486151	11827.763	11828.778	1.0	2.0	1.0	1.0					
11830.833	12.574999999998909	trials	18.0	11838.540184	11840.600236	11841.676281	11842.025353	11837.814748	11841.099257	11842.333	11843.408	1.0	2.0	1.0	1.0					
11847.428	6.536000000000058	trials	18.0	11850.195323	11852.063065999999	11853.047515	11854.018334	11849.359058	11852.458107999999			1.0	2.0	0.0	3.0					
11856.424	27.433999999999287	trials	18.0	11878.942342999999	11880.870263	11881.622051	11881.958539	11878.107625	11881.018204	11882.373	11883.858	1.0	1.0	1.0	1.0					
11887.941	25.891999999999825	trials	18.0	11910.74029	11912.536752	11913.432077	11913.865265	11909.760892	11912.86351			1.0	1.0	0.0	3.0					
11916.803	12.594999999999345	trials	18.0	11924.790206	11926.198261	11927.319473	11927.63798	11923.840654	11926.769905	11927.964	11929.398	1.0	2.0	1.0	1.0					
11932.419	8.59900000000016	trials	18.0	11937.014948	11938.205119999999	11939.1837	11939.437084	11936.223686	11938.622333	11939.748	11941.018	1.0	2.0	1.0	1.0					
11945.046	7.572000000000116	trials	18.0	11949.140365	11950.898699	11952.155642	11952.671783	11948.343042	11951.394826			1.0	2.0	0.0	3.0					
11954.513	10.804999999998472	trials	18.0	11962.080637	11964.033356	11964.93433	11965.372226	11961.440133	11964.287371999999			1.0	1.0	0.0	3.0					
11968.283	10.886000000000422	trials	18.0	11974.365332	11976.027437	11977.141411	11977.469093	11973.827893	11976.562706	11977.748	11979.169	1.0	2.0	1.0	1.0					
11982.248	9.229999999999563	trials	18.0	11988.515371	11989.978482	11990.880149	11991.534284	11987.722753	11990.359376			1.0	2.0	0.0	3.0					
11995.254	11.493999999998778	trials	18.0	12003.295778	12004.565195	12005.8136	12006.800501	12002.748190999999	12005.254816			1.0	2.0	0.0	3.0					
12009.178	29.43000000000029	trials	18.0	12034.885508	12036.653718			12034.012628	12036.638197			1.0		0.0	2.0					
12041.618	26.475000000000364	trials	18.0	12063.460853	12065.118175	12066.121536999999	12066.559034	12062.666138	12065.561038	12066.813	12068.093	1.0	2.0	1.0	1.0					
12072.187	9.39600000000064	trials	18.0	12076.858252	12078.414810999999	12079.460524	12079.88531	12075.885712	12078.880912	12080.133	12081.583	1.0	2.0	1.0	1.0					
12083.603	11.950000000000728	trials	18.0	12090.656177	12092.118886	12093.514435000001	12093.930484	12089.681852	12092.843434999999	12094.263	12095.553	1.0	2.0	1.0	1.0					
12098.634	8.784999999999854	trials	18.0	12103.420954	12105.201808	12106.429922	12107.475838	12102.477512	12105.829232			1.0	2.0	0.0	3.0					
12108.833	13.769999999998618	trials	18.0	12117.996325	12119.314283	12121.253542999999	12122.656312	12117.495321999999	12120.380917999999			1.0	1.0	0.0	3.0					
12125.538	20.36999999999898	trials	18.0	12143.096045	12144.522455	12145.449775000001	12145.963595	12142.363108	12144.915248			1.0	2.0	0.0	3.0					
12147.774	23.614000000001397	trials	18.0	12166.50602	12168.52739	12169.664666	12171.441601	12165.987901	12169.027994			1.0	1.0	0.0	3.0					
12173.964	10.59900000000016	trials	18.0	12179.687953	12181.524287	12182.6663	12183.109843999999	12178.826065	12182.115172	12183.368	12184.563	1.0	2.0	1.0	1.0					
12186.583	38.07499999999891	trials	18.0	12219.532105	12221.328448	12222.519206	12224.714571	12218.674869999999	12221.900410999999			1.0	2.0	0.0	3.0					
12226.884	43.34900000000016	trials	18.0	12265.646005999999	12267.292067999999	12268.291384999999	12268.644035999998	12264.733720999999	12267.684881999998	12268.898	12270.233	1.0	2.0	1.0	1.0					
12274.318	10.610000000000582	trials	18.0	12280.30619	12282.067678999998	12283.042107	12283.465274999999	12279.417848	12282.070466999998	12283.604	12284.928	1.0	2.0	1.0	1.0					
12288.948	11.324999999998909	trials	18.0	12296.266055999999	12298.190231999999	12299.280823	12300.358936999999	12295.494163999998	12298.659305999998			1.0	1.0	0.0	3.0					
12303.629	6.618999999998778	trials	18.0	12307.906340999998	12309.254831999999	12310.231678999999	12311.208247999999	12306.924232999998	12309.666532999998			1.0	2.0	0.0	3.0					
12312.518	1234.8250000000007	BlockDesign														1.0	546.0	584.0	90.0	50.0
12312.518	11.736000000000786	trials	19.0	12319.981597999998	12321.737511	12323.058371	12324.33506	12319.377357	12322.407991999999			1.0	2.0	0.0	3.0					
12325.421	17.282999999999447	trials	19.0	12338.266038999998	12339.739178999998	12340.709057999999	12342.788692999999	12337.617933999998	12340.165528999998			1.0	2.0	0.0	3.0					
12344.048	23.734999999998763	trials	19.0	12363.757781999999	12365.731848	12366.770488999999	12367.525012999999	12363.016268999998	12366.174602			1.0	2.0	0.0	3.0					
12369.099	12.28399999999965	trials	19.0	12376.585963999998	12378.348086999998	12379.595392999998	12381.470717999999	12375.733004999998	12378.966106999998			1.0	2.0	0.0	3.0					
12383.913	22.639999999999418	trials	19.0	12402.311459999999	12403.634323999999	12404.524546999999	12404.907006	12401.596636999999	12403.942648999999	12405.089	12406.553	1.0	1.0	1.0	1.0					
12408.598	9.665000000000873	trials	19.0	12413.846424	12415.228114999998	12416.092777999998	12416.519666999999	12413.223611999998	12415.508419999998	12416.638	12418.263	1.0	1.0	1.0	1.0					
12422.406	14.432999999999083	trials	19.0	12432.086206999998	12433.823650999999	12434.718839999998	12435.155389999998	12431.132071999999	12434.130298999999	12435.403	12436.839	1.0	1.0	1.0	1.0					
12440.858	501.15500000000065	trials	19.0	12937.058473999998	12937.36517	12939.707088	12940.994019999998	12936.238575	12937.359314999998			1.0		0.0	2.0					
12942.354	6.0790000000015425	trials	19.0	12944.243090999998	12944.685359			12942.102275999998	12944.680540999998			1.0		0.0	2.0					
12948.764	18.419000000001688	trials	19.0	12963.153476999998	12965.089361999999	12965.649538999998	12967.272423999999	12962.229593999999	12965.094829999998			1.0	2.0	0.0	3.0					
12968.928	31.149999999999636	trials	19.0	12995.337940999998	12997.334898	12997.965379	12998.301637999999	12994.526070999998	12997.391534999999	12998.683	13000.078	1.0	1.0	1.0	1.0					
13003.168	11.55999999999949	trials	19.0	13010.233852999998	13011.645408999999	13012.585534999998	13012.933667999998	13009.310642999999	13012.026888999999	13013.263	13014.728	1.0	1.0	1.0	1.0					
13018.814	9.828999999999724	trials	19.0	13023.759896999998	13025.615547999998	13026.630431999998	13026.980085	13023.02652	13026.076250999999	13027.298	13028.643	1.0	1.0	1.0	1.0					
13030.669	12.266999999999825	trials	19.0	13038.78848	13040.295049999999	13041.274264999998	13043.024974999998	13037.904365999999	13040.642444			1.0	1.0	0.0	3.0					
13043.613	28.89100000000144	trials	19.0	13069.243487999998	13070.58543			13068.50384	13070.577508999999			1.0		0.0	2.0					
13076.513	61.44499999999971	trials	19.0	13133.389535999999	13134.755358999999	13135.901860999998	13136.204533999999	13132.508348999998	13135.259339999999	13077.879	13137.958	1.0	2.0	1.0	1.0					
13142.04	9.33299999999872	trials	19.0	13147.118787999998	13148.580839999999	13149.617981999998	13149.867992	13146.152500999999	13149.023852999999	13150.238	13151.373	1.0	2.0	1.0	1.0					
13154.393	67.05999999999949	trials	19.0	13218.536005999998	13220.005954999999	13220.643960999998	13221.538950999999	13217.675566999998	13220.091594999998			1.0	2.0	0.0	3.0					
13222.973	17.110000000000582	trials	19.0	13236.918893999999	13238.115940999998	13238.630908	13238.912632999998	13236.146261999998	13238.100357			1.0		0.0	2.0					
13243.09	20.00300000000061	trials	19.0	13257.359693999999	13259.432627999999	13260.280168999998	13260.622562999999	13256.366324999999	13259.707294999998	13260.968	13263.093	1.0	1.0	1.0	1.0					
13267.115	10.747999999999593	trials	19.0	13272.374114999999	13274.648620999998	13276.168821	13276.424099999998	13271.50277	13275.153101999998	13276.738	13277.863	1.0	2.0	1.0	1.0					
13281.893	8.143000000000029	trials	19.0	13285.190303999998	13287.041303999998	13287.868177999999	13290.125495999999	13284.405416999998	13287.336839999998			1.0	1.0	0.0	3.0					
13290.133	14.261000000000422	trials	19.0	13300.395426	13301.432819999998	13302.514409	13304.481158999999	13299.576583999999	13302.001819999998			1.0	2.0	0.0	3.0					
13306.828	27.011000000000422	trials	19.0	13329.660178999999	13331.128670999999	13331.844803999998	13332.191104999998	13328.708218999998	13331.272057999999	13332.393	13333.839	1.0	1.0	1.0	1.0					
13336.858	8.235000000000582	trials	19.0	13341.039652	13342.246264999998	13343.096458999999	13343.398100999999	13340.16219	13342.4993	13343.603	13345.093	1.0	1.0	1.0	1.0					
13349.125	8.536000000000058	trials	19.0	13353.770525999998	13354.886680999998	13355.864731999998	13356.198655999999	13353.145435999999	13355.326507999998	13356.493	13357.661	1.0	2.0	1.0	1.0					
13361.742	7.505999999999403	trials	19.0	13364.690510999999	13366.301179999999	13367.295076999999	13367.629819999998	13364.029396999998	13366.617149999998	13367.898	13369.248	1.0	1.0	1.0	1.0					
13371.268	14.674999999999272	trials	19.0	13381.124531999998	13382.890586999998	13384.142006999999	13384.496666	13380.293663999999	13383.567027	13384.808	13385.943	1.0	1.0	1.0	1.0					
13388.024	10.426000000001295	trials	19.0	13394.565467999999	13395.718816999999	13396.510416	13396.909238999999	13393.629428999999	13395.93537	13397.113	13398.45	1.0	1.0	1.0	1.0					
13401.433	8.914999999999054	trials	19.0	13406.136863999998	13407.764083999999	13408.641896999998	13408.972643999998	13405.439800999999	13407.994351999998	13409.368	13410.348	1.0	1.0	1.0	1.0					
13413.409	10.135000000000218	trials	19.0	13418.505395999999	13419.626784999999	13420.432698999999	13420.98347	13417.546233	13419.896107999999			1.0	1.0	0.0	3.0					
13423.754	23.273999999999432	trials	19.0	13441.895663	13443.728936999998	13444.563605999998	13445.074733999998	13441.143052999998	13443.955876999999	13445.333	13447.028	1.0	1.0	1.0	1.0					
13451.14	7.718000000000757	trials	19.0	13455.650356999999	13456.937296999999	13457.646644999999	13457.776627999998	13454.736635999998	13456.925029999999			1.0		0.0	2.0					
13460.878	21.019999999998618	trials	19.0	13477.386813	13479.424373999998	13480.207499999999	13480.485491999998	13476.744725999999	13479.623248999998	13480.833	13481.898	1.0	1.0	1.0	1.0					
13483.953	10.835000000000946	trials	19.0	13490.580216999999	13491.797873	13492.79279	13493.131991999999	13489.625919999999	13492.17003	13493.458	13494.788	1.0	1.0	1.0	1.0					
13497.599	9.753999999998996	trials	19.0	13502.765967999998	13504.507778	13505.486218999999	13505.825821999999	13501.917314999999	13504.824335999998	13506.218	13507.353	1.0	1.0	1.0	1.0					
13511.421	9.781999999999243	trials	19.0	13516.665512999998	13518.262123999999	13519.060631999999	13519.363361999998	13516.003609999998	13518.47	13519.803	13521.203	1.0	1.0	1.0	1.0					
13523.046	11.531999999999243	trials	19.0	13530.340127	13531.682474	13532.644309999998	13532.987845999998	13529.638384999998	13531.956133999998	13533.268	13534.578	1.0	1.0	1.0	1.0					
13537.598	9.7450000000008	trials	19.0	13542.075617999999	13544.035753999999	13544.995292999998	13545.280808	13541.190932999998	13544.419759999999	13545.583	13547.343	1.0	1.0	1.0	1.0					
13550.408	218.03499999999985	BlockDesign														1.0	585.0	590.0	0.0	0.0
13550.408	8.650000000001455	trials	20.0	13555.875557	13557.837355999998	13558.713776999999	13559.030696999998	13555.063685999998	13558.167328999998			1.0	1.0	0.0	3.0					
13562.068	7.5570000000006985	trials	20.0	13566.887327999999	13568.428880999998	13569.300473	13569.695339999998	13566.288888	13568.681009999998			1.0	1.0	0.0	3.0					
13572.598	126.51000000000022	trials	20.0	13695.017792999999	13696.435261999999	13697.062772999998	13699.199894999998	13694.153239999998	13696.387924999999			1.0	1.0	0.0	3.0					
13702.481	20.35900000000038	trials	20.0	13719.481490999999	13720.849787	13721.710947	13721.999990999999	13718.514424999998	13720.841819			1.0		0.0	2.0					
13726.908	17.681000000000495	trials	20.0	13741.432760999998	13742.778116999998	13744.114016999998	13744.680626999998	13740.922695	13743.517496999999			1.0	1.0	0.0	3.0					
13748.453	19.98999999999978	trials	20.0	13765.686939	13767.520418999999	13768.409747999998	13769.796707999998	13764.888981999999	13767.514673999998			1.0	2.0	0.0	3.0					
13772.833	519.2399999999998	BlockDesign														1.0	591.0	612.0	50.0	90.0
13772.833	46.56499999999869	trials	21.0	13816.392284999998	13818.043996999999	13818.963710999999	13819.489624999998	13815.406007999998	13818.293528999999			1.0	1.0	0.0	3.0					
13821.281	17.26299999999901	trials	21.0	13833.992180999998	13835.828424	13836.841169999998	13837.174121999999	13833.068443999999	13836.166308999998	13837.548	13838.544	1.0	2.0	1.0	1.0					
13842.613	8.200000000000728	trials	21.0	13845.871239999999	13847.423275999998	13849.081482999998	13849.509439999998	13845.184113	13848.385741999999	13849.808	13850.813	1.0	2.0	1.0	1.0					
13852.893	10.614999999999782	trials	21.0	13859.513314999998	13861.577986999999	13863.114338	13863.599333999999	13858.687089	13862.442185999998			1.0	1.0	0.0	3.0					
13866.433	15.224999999998545	trials	21.0	13876.973428999998	13878.682315999999	13879.917216999998	13880.217548999999	13876.222163999999	13879.326409999998	13880.464	13881.658	1.0	2.0	1.0	1.0					
13883.678	9.790000000000873	trials	21.0	13889.243140999999	13891.4147	13892.554327999998	13893.562127	13888.324394999998	13892.042081999998			1.0	2.0	0.0	3.0					
13895.833	18.96099999999933	trials	21.0	13910.293211999999	13911.413829	13912.837478999998	13913.224660999998	13909.763625	13912.22597	13913.434	13914.794	1.0	2.0	1.0	1.0					
13918.88	7.597999999999956	trials	21.0	13921.81217	13923.735775999998	13924.581457999999	13925.044815	13920.863566999999	13924.086983	13925.278	13926.478	1.0	2.0	1.0	1.0					
13928.498	11.2450000000008	trials	21.0	13935.162056	13937.068249999998	13937.912627999998	13938.214418999998	13934.275418999998	13937.400641999999	13938.434	13939.743	1.0	2.0	1.0	1.0					
13942.875	7.793999999999869	trials	21.0	13945.961753999998	13947.964006999999	13948.970346999999	13949.356553999998	13945.117685	13948.456431999999	13949.603	13950.669	1.0	2.0	1.0	1.0					
13952.776	8.813000000000102	trials	21.0	13957.412354999999	13958.883804999998	13959.688493999998	13960.076174999998	13956.653045	13959.219591	13960.393	13961.589	1.0	2.0	1.0	1.0					
13964.663	7.895000000000437	trials	21.0	13967.878627999999	13969.813853999998	13970.655866999998	13971.030739999998	13966.975040999998	13970.219777999999	13971.248	13972.558	1.0	2.0	1.0	1.0					
13976.643	6.945999999999913	trials	21.0	13979.437617	13981.007198999998	13981.708550999998	13982.165837999999	13978.70379	13981.281543999998	13982.358	13983.589	1.0	2.0	1.0	1.0					
13987.628	9.399999999999636	trials	21.0	13992.462335999999	13994.409069	13995.135671999999	13995.462110999999	13991.793092999998	13994.661205999999	13995.863	13997.028	1.0	2.0	1.0	1.0					
14000.0	9.987999999999374	trials	21.0	14005.614419999998	14007.310307999998	14008.007227999999	14008.309045999998	14004.666329999998	14007.550238999998	14008.573	14009.988	1.0	2.0	1.0	1.0					
14012.062	8.932000000000698	trials	21.0	14017.182668999998	14019.004248	14019.601432999998	14020.013024999998	14016.406775	14018.997427999999			1.0		0.0	2.0					
14025.008	9.130000000001019	trials	21.0	14031.743046	14032.141559999998			14030.993053999999	14032.129559999998			1.0		0.0	2.0					
14037.148	191.64600000000064	trials	21.0	14225.328128	14227.396423999999	14228.304778999998	14228.886845999998	14224.333415999998	14227.747963999998			1.0	2.0	0.0	3.0					
14232.618	13.229999999999563	trials	21.0	14242.059899999998	14243.230286999998	14244.121303999998	14244.494711	14241.061135999998	14243.620912999999	14244.803	14245.848	1.0	2.0	1.0	1.0					
14247.875	8.673000000000684	trials	21.0	14253.278384999998	14254.480543999998	14255.562552	14256.640813999998	14252.393377999999	14254.981511999998			1.0	2.0	0.0	3.0					
14259.889	20.89900000000125	trials	21.0	14276.498591999998	14277.694946999998	14278.714982999998	14279.131151999998	14275.546229999998	14278.182899	14279.373	14280.788	1.0	2.0	1.0	1.0					
14283.75	8.32300000000032	trials	21.0	14287.935218999999	14289.295245	14290.147885999999	14290.571065999999	14287.185966	14289.695158999999	14290.754	14292.073	1.0	2.0	1.0	1.0					
14294.189	543.8860000000004	BlockDesign														0.0	613.0	637.0	50.0	10.0
14294.189	9.649999999999636	trials	22.0	14299.018794999998	14300.565084999998	14301.908617999998	14302.302272999998	14298.331834999999	14301.138392999997	14302.533	14303.839	1.0	1.0	1.0	1.0					
14306.926	8.29700000000048	trials	22.0	14311.958309999998	14313.861133999999	14314.977277999998	14317.442282999998	14311.336574999998	14314.336022999998			1.0	2.0	0.0	3.0					
14317.299	29.545999999998457	trials	22.0	14344.089791999999	14345.423024	14346.503765999998	14346.939459	14343.159281999999	14345.853983999998			1.0	1.0	0.0	3.0					
14350.833	14.694999999999709	trials	22.0	14360.600591999999	14362.237532	14363.881640999998	14364.276245999998	14360.083787999998	14363.244307999998	14364.478	14365.528	1.0	2.0	1.0	1.0					
14368.618	7.229999999999563	trials	22.0	14371.765727999998	14373.285742999999	14375.018022999999	14375.943574999998	14371.098020999998	14374.433755999999			1.0	2.0	0.0	3.0					
14377.353	12.600000000000364	trials	22.0	14384.378766999998	14385.695711999999	14387.957788	14388.403132999998	14383.742111999998	14387.235120999998	14388.643	14389.953	1.0	1.0	1.0	1.0					
14393.008	9.411000000000058	trials	22.0	14399.279367	14401.121608999998	14401.932055999998	14402.508618999998	14398.317291999998	14401.360582999998			1.0	1.0	0.0	3.0					
14405.198	12.819999999999709	trials	22.0	14412.753685	14414.456030999998	14416.104774	14416.535721999999	14411.931548999999	14415.461699999998	14416.778	14418.018	1.0	1.0	1.0	1.0					
14421.991	9.731999999999971	trials	22.0	14426.919215999998	14428.539319999998	14431.163380999998	14431.817715	14426.077643999999	14430.062537999998			1.0	2.0	0.0	3.0					
14435.434	15.155000000000655	trials	22.0	14446.218691999999	14447.652821999998	14448.672819	14449.088208	14445.706010999998	14448.080297999999	14449.348	14450.589	1.0	1.0	1.0	1.0					
14452.673	8.614999999999782	trials	22.0	14458.369607999999	14459.930534	14460.941155999999	14461.381171999998	14457.440185999998	14460.344518999998			1.0	1.0	0.0	3.0					
14463.208	22.49499999999898	trials	22.0	14482.620036999999	14484.437427999997	14485.229349999998	14485.795192999998	14481.889274999998	14484.702530999999			1.0	1.0	0.0	3.0					
14488.616	17.604999999999563	trials	22.0	14503.539841999998	14504.965912	14505.846381	14506.289165999999	14502.677273999998	14505.318349			1.0	2.0	0.0	3.0					
14509.153	77.61099999999897	trials	22.0	14582.155234999998	14583.814747999999	14584.625689999999	14584.996099999998	14581.320623999998	14584.001274999999	14585.273	14586.764	1.0	1.0	1.0	1.0					
14589.603	42.29000000000087	trials	22.0	14627.746997999999	14629.736036999999	14630.751228	14631.986648999999	14627.096105999999	14630.111151			1.0	2.0	0.0	3.0					
14634.0	10.122999999999593	trials	22.0	14639.525486999999	14641.386389	14642.155520999999	14642.562751999998	14638.870184	14641.659005999998	14642.773	14644.123	1.0	1.0	1.0	1.0					
14646.156	48.63799999999901	trials	22.0	14690.505154999999	14692.289330999998	14693.206331999998	14693.494232999998	14689.752014999998	14692.593667	14693.783	14694.794	1.0	1.0	1.0	1.0					
14697.818	22.80500000000029	trials	22.0	14716.767090999998	14717.963866999999	14718.870389999998	14719.285971999998	14716.235827999999	14718.280282	14719.413	14720.623	1.0	1.0	1.0	1.0					
14722.643	12.354999999999563	trials	22.0	14730.585109	14732.422136	14733.066923999999	14733.528817999999	14729.599736999999	14732.495449999999	14733.803	14734.998	1.0	1.0	1.0	1.0					
14737.018	9.204999999999927	trials	22.0	14742.977266999998	14744.862302999998	14745.727221	14746.316476999998	14742.054854999998	14745.221102999998			1.0	1.0	0.0	3.0					
14748.053	14.944999999999709	trials	22.0	14759.852281999998	14760.902402999998	14762.04827	14763.094275	14759.334726	14761.473320999998			1.0	2.0	0.0	3.0					
14766.323	10.170000000000073	trials	22.0	14772.562180999998	14774.142795999998	14774.855443999999	14775.240251	14771.835341999998	14774.312086999998	14775.498	14776.493	1.0	1.0	1.0	1.0					
14780.513	8.2599999999984	trials	22.0	14785.036178999999	14786.984777999998	14788.469243999998	14788.811318999999	14784.147905999998	14787.866936999999			1.0	1.0	0.0	3.0					
14790.849	11.28900000000067	trials	22.0	14799.191621999998	14800.894095	14801.655961999999	14802.234934999999	14798.242573999998	14801.116666999998			1.0	1.0	0.0	3.0					
14804.993	33.082000000000335	trials	22.0	14835.567625	14837.462723999999	14838.062562	14838.711320999999	14834.821063999998	14837.589496999999			1.0	1.0	0.0	3.0					
